-- phpMyAdmin SQL Dump
-- version 4.0.4.1
-- http://www.phpmyadmin.net
--
-- Host: localhost
-- Generation Time: Nov 26, 2013 at 08:00 
-- Server version: 5.5.31
-- PHP Version: 5.4.16

SET SQL_MODE = "NO_AUTO_VALUE_ON_ZERO";
SET time_zone = "+00:00";


/*!40101 SET @OLD_CHARACTER_SET_CLIENT=@@CHARACTER_SET_CLIENT */;
/*!40101 SET @OLD_CHARACTER_SET_RESULTS=@@CHARACTER_SET_RESULTS */;
/*!40101 SET @OLD_COLLATION_CONNECTION=@@COLLATION_CONNECTION */;
/*!40101 SET NAMES utf8 */;

--
-- Database: `totemmallplazapeg`
--
CREATE DATABASE IF NOT EXISTS `totemmallplazapeg` DEFAULT CHARACTER SET latin1 COLLATE latin1_swedish_ci;
USE `totemmallplazapeg`;

-- --------------------------------------------------------

--
-- Table structure for table `areanegocios`
--

CREATE TABLE IF NOT EXISTS `areanegocios` (
  `idareaNegocio` int(11) NOT NULL AUTO_INCREMENT,
  `nombre` varchar(45) DEFAULT NULL,
  PRIMARY KEY (`idareaNegocio`),
  KEY `idareaNegocio` (`idareaNegocio`)
) ENGINE=InnoDB  DEFAULT CHARSET=latin1 COMMENT='Areas de negocio como Aires' AUTO_INCREMENT=7 ;

--
-- Dumping data for table `areanegocios`
--

INSERT INTO `areanegocios` (`idareaNegocio`, `nombre`) VALUES
(1, 'Anclas'),
(2, 'Autoplaza'),
(3, 'Food'),
(4, 'Terrazas'),
(5, 'Aires'),
(6, 'Boulevard');

-- --------------------------------------------------------

--
-- Table structure for table `cambiadorpiso`
--

CREATE TABLE IF NOT EXISTS `cambiadorpiso` (
  `idcambiadorPiso` int(11) NOT NULL AUTO_INCREMENT,
  `idnodo` int(11) DEFAULT NULL,
  `tipo` varchar(45) DEFAULT NULL,
  `sube` tinyint(1) DEFAULT NULL,
  `baja` tinyint(1) DEFAULT NULL,
  `idnodoSubida` int(11) DEFAULT NULL,
  `idnodoBajada` int(11) DEFAULT NULL,
  PRIMARY KEY (`idcambiadorPiso`)
) ENGINE=InnoDB  DEFAULT CHARSET=latin1 AUTO_INCREMENT=16 ;

--
-- Dumping data for table `cambiadorpiso`
--

INSERT INTO `cambiadorpiso` (`idcambiadorPiso`, `idnodo`, `tipo`, `sube`, `baja`, `idnodoSubida`, `idnodoBajada`) VALUES
(1, 241, '2', 1, 1, 244, 253),
(2, 242, '2', 1, 1, 245, 254),
(3, 243, '2', 1, 1, 246, 255),
(4, 244, '2', 1, 1, 247, 241),
(5, 245, '2', 1, 1, 248, 242),
(6, 246, '2', 1, 1, 249, 243),
(7, 247, '2', 1, 1, 250, 244),
(8, 248, '2', 1, 1, 251, 245),
(9, 249, '2', 1, 1, 252, 246),
(10, 250, '2', 0, 1, 0, 247),
(11, 251, '2', 0, 1, 0, 248),
(12, 252, '2', 0, 1, 0, 249),
(13, 253, '2', 1, 0, 241, 0),
(14, 254, '2', 1, 0, 242, 0),
(15, 255, '2', 1, 0, 243, 0);

-- --------------------------------------------------------

--
-- Table structure for table `categoria`
--

CREATE TABLE IF NOT EXISTS `categoria` (
  `idCategoria` int(11) NOT NULL AUTO_INCREMENT,
  `nombreCategoria` varchar(100) DEFAULT NULL,
  PRIMARY KEY (`idCategoria`)
) ENGINE=InnoDB DEFAULT CHARSET=latin1 AUTO_INCREMENT=1 ;

-- --------------------------------------------------------

--
-- Table structure for table `detallemarca`
--

CREATE TABLE IF NOT EXISTS `detallemarca` (
  `iddetalleMarca` int(11) NOT NULL AUTO_INCREMENT,
  `idproducto` int(11) DEFAULT NULL,
  `idmarca` int(11) DEFAULT NULL,
  `idtienda` int(11) DEFAULT NULL,
  PRIMARY KEY (`iddetalleMarca`),
  KEY `fk_dm_idproducto` (`idproducto`),
  KEY `fk_dm_idmarca` (`idmarca`),
  KEY `idtienda` (`idtienda`)
) ENGINE=InnoDB DEFAULT CHARSET=latin1 AUTO_INCREMENT=1 ;

-- --------------------------------------------------------

--
-- Table structure for table `detalleoferta`
--

CREATE TABLE IF NOT EXISTS `detalleoferta` (
  `iddetalleOferta` int(11) NOT NULL AUTO_INCREMENT,
  `idoferta` int(11) DEFAULT NULL,
  `idproducto` int(11) DEFAULT NULL,
  PRIMARY KEY (`iddetalleOferta`),
  KEY `fk_do_idoferta` (`idoferta`),
  KEY `fk_do_idproducto` (`idproducto`)
) ENGINE=InnoDB DEFAULT CHARSET=latin1 AUTO_INCREMENT=1 ;

-- --------------------------------------------------------

--
-- Table structure for table `detallepromocion`
--

CREATE TABLE IF NOT EXISTS `detallepromocion` (
  `iddetallePromocion` int(11) NOT NULL AUTO_INCREMENT,
  `idpromocion` int(11) DEFAULT NULL,
  `idproducto` int(11) DEFAULT NULL,
  PRIMARY KEY (`iddetallePromocion`),
  KEY `fk_dt_idpromocion` (`idpromocion`),
  KEY `fk_dt_idproducto` (`idproducto`)
) ENGINE=InnoDB DEFAULT CHARSET=latin1 AUTO_INCREMENT=1 ;

-- --------------------------------------------------------

--
-- Table structure for table `detallerubro`
--

CREATE TABLE IF NOT EXISTS `detallerubro` (
  `iddetalleRubro` int(11) NOT NULL AUTO_INCREMENT,
  `idtienda` int(11) DEFAULT NULL,
  `idrubro` int(11) DEFAULT NULL,
  PRIMARY KEY (`iddetalleRubro`),
  KEY `fk_dr_idtienda` (`idtienda`),
  KEY `fk_dr_idrubro` (`idrubro`)
) ENGINE=InnoDB  DEFAULT CHARSET=latin1 AUTO_INCREMENT=287 ;

--
-- Dumping data for table `detallerubro`
--

INSERT INTO `detallerubro` (`iddetalleRubro`, `idtienda`, `idrubro`) VALUES
(1, 1, 18),
(2, 1, 19),
(3, 3, 16),
(4, 3, 20),
(5, 3, 22),
(6, 4, 18),
(7, 4, 19),
(8, 5, 18),
(9, 5, 19),
(10, 6, 13),
(11, 6, 23),
(12, 7, 10),
(13, 8, 15),
(14, 9, 13),
(15, 9, 14),
(16, 9, 23),
(17, 10, 6),
(18, 11, 10),
(19, 12, 10),
(20, 13, 15),
(21, 13, 5),
(22, 14, 6),
(23, 15, 6),
(24, 16, 16),
(25, 16, 20),
(26, 16, 22),
(27, 17, 18),
(28, 17, 19),
(29, 18, 10),
(30, 19, 10),
(31, 20, 6),
(32, 20, 10),
(33, 21, 23),
(34, 21, 13),
(35, 21, 14),
(36, 22, 10),
(37, 23, 15),
(38, 24, 6),
(39, 25, 6),
(40, 26, 6),
(41, 26, 10),
(42, 27, 6),
(43, 27, 10),
(44, 27, 12),
(45, 28, 10),
(46, 28, 12),
(47, 29, 2),
(48, 30, 10),
(49, 31, 6),
(50, 31, 10),
(51, 31, 12),
(52, 32, 6),
(53, 32, 10),
(54, 32, 12),
(55, 34, 3),
(56, 34, 6),
(57, 34, 10),
(58, 34, 12),
(59, 35, 10),
(60, 36, 10),
(61, 37, 6),
(62, 38, 6),
(63, 38, 10),
(64, 40, 15),
(65, 42, 10),
(66, 43, 10),
(67, 45, 6),
(68, 46, 6),
(69, 46, 10),
(70, 47, 6),
(71, 47, 10),
(72, 48, 17),
(73, 49, 17),
(74, 50, 13),
(75, 51, 6),
(76, 51, 10),
(77, 51, 12),
(78, 52, 10),
(79, 53, 6),
(80, 54, 13),
(81, 54, 23),
(82, 55, 15),
(83, 56, 10),
(84, 57, 10),
(85, 58, 10),
(86, 59, 10),
(87, 60, 6),
(88, 60, 10),
(89, 60, 12),
(90, 61, 13),
(91, 62, 10),
(92, 63, 6),
(93, 63, 10),
(94, 64, 13),
(95, 65, 10),
(96, 66, 13),
(97, 67, 10),
(98, 68, 13),
(99, 69, 13),
(100, 70, 13),
(101, 72, 10),
(102, 73, 13),
(103, 74, 13),
(104, 75, 10),
(105, 76, 10),
(106, 77, 10),
(107, 78, 7),
(108, 78, 10),
(109, 79, 10),
(110, 80, 7),
(111, 80, 10),
(112, 82, 7),
(113, 82, 10),
(114, 84, 15),
(115, 88, 11),
(116, 89, 10),
(117, 90, 6),
(118, 91, 10),
(119, 92, 5),
(120, 93, 14),
(121, 94, 5),
(122, 94, 8),
(123, 95, 13),
(124, 96, 10),
(125, 97, 13),
(126, 98, 10),
(127, 98, 7),
(128, 99, 13),
(129, 100, 12),
(130, 101, 15),
(131, 102, 5),
(132, 103, 10),
(133, 104, 5),
(134, 105, 10),
(135, 106, 6),
(136, 106, 10),
(137, 106, 5),
(138, 107, 10),
(139, 108, 17),
(140, 109, 17),
(141, 111, 11),
(142, 112, 6),
(143, 112, 10),
(144, 112, 12),
(145, 113, 2),
(146, 114, 26),
(147, 114, 15),
(148, 115, 3),
(149, 116, 2),
(150, 117, 3),
(151, 117, 6),
(152, 117, 10),
(153, 117, 12),
(154, 118, 2),
(155, 119, 3),
(156, 120, 4),
(157, 121, 6),
(158, 121, 10),
(159, 122, 2),
(160, 125, 5),
(161, 125, 3),
(162, 126, 6),
(163, 126, 10),
(164, 127, 3),
(165, 128, 6),
(166, 128, 10),
(167, 129, 3),
(168, 129, 6),
(169, 129, 10),
(170, 130, 3),
(171, 131, 3),
(172, 132, 6),
(173, 132, 10),
(174, 133, 6),
(175, 133, 10),
(176, 134, 3),
(177, 135, 3),
(178, 136, 3),
(179, 137, 3),
(180, 138, 3),
(181, 139, 3),
(182, 140, 3),
(183, 141, 3),
(184, 142, 3),
(185, 143, 3),
(186, 144, 15),
(187, 145, 3),
(188, 146, 3),
(189, 147, 3),
(190, 148, 3),
(191, 149, 3),
(192, 150, 3),
(193, 151, 3),
(194, 152, 6),
(195, 152, 10),
(196, 152, 12),
(197, 153, 15),
(198, 154, 17),
(199, 155, 17),
(200, 156, 4),
(201, 157, 26),
(202, 158, 26),
(203, 159, 26),
(204, 160, 26),
(205, 161, 26),
(206, 162, 26),
(207, 163, 26),
(208, 164, 26),
(209, 165, 26),
(210, 166, 26),
(211, 167, 26),
(212, 168, 26),
(213, 169, 26),
(214, 170, 26),
(215, 171, 26),
(216, 172, 26),
(217, 173, 26),
(218, 174, 26),
(219, 175, 26),
(220, 176, 26),
(221, 177, 26),
(222, 178, 26),
(223, 179, 26),
(224, 180, 26),
(225, 181, 26),
(226, 182, 26),
(227, 183, 26),
(228, 184, 26),
(229, 185, 26),
(230, 186, 26),
(231, 187, 26),
(232, 188, 26),
(233, 189, 26),
(234, 190, 26),
(235, 191, 4),
(236, 192, 3),
(237, 193, 13),
(238, 193, 23),
(239, 194, 5),
(240, 194, 11),
(241, 195, 5),
(242, 196, 5),
(243, 197, 15),
(244, 198, 15),
(245, 200, 23),
(246, 201, 6),
(247, 201, 10),
(248, 203, 14),
(250, 205, 13),
(251, 206, 5),
(252, 206, 11),
(253, 207, 13),
(254, 208, 19),
(255, 209, 1),
(256, 210, 1),
(257, 211, 1),
(258, 212, 1),
(259, 213, 1),
(260, 214, 1),
(261, 215, 1),
(262, 216, 1),
(263, 217, 1),
(264, 218, 1),
(265, 219, 1),
(266, 220, 1),
(267, 221, 1),
(268, 222, 1),
(269, 223, 17),
(270, 224, 5),
(271, 225, 5),
(272, 227, 2),
(273, 228, 5),
(274, 229, 5),
(275, 230, 12),
(276, 231, 5),
(277, 234, 23),
(278, 235, 13),
(279, 236, 20),
(280, 236, 22),
(281, 237, 20),
(282, 237, 22),
(283, 238, 20),
(284, 238, 22),
(285, 239, 20),
(286, 239, 22);

-- --------------------------------------------------------

--
-- Table structure for table `detalletienda`
--

CREATE TABLE IF NOT EXISTS `detalletienda` (
  `iddetalleTienda` int(11) NOT NULL AUTO_INCREMENT,
  `idtienda` int(11) DEFAULT NULL,
  `idproducto` int(11) DEFAULT NULL,
  PRIMARY KEY (`iddetalleTienda`),
  KEY `fk_idtienda` (`idtienda`),
  KEY `fk_idproducto` (`idproducto`)
) ENGINE=InnoDB DEFAULT CHARSET=latin1 AUTO_INCREMENT=1 ;

-- --------------------------------------------------------

--
-- Table structure for table `estacionamiento`
--

CREATE TABLE IF NOT EXISTS `estacionamiento` (
  `idestacionamiento` int(11) NOT NULL AUTO_INCREMENT,
  `idnodo` int(11) DEFAULT NULL,
  `nombre` varchar(45) DEFAULT NULL,
  PRIMARY KEY (`idestacionamiento`),
  KEY `fk_estacionamiento_1` (`idnodo`)
) ENGINE=InnoDB DEFAULT CHARSET=latin1 AUTO_INCREMENT=1 ;

-- --------------------------------------------------------

--
-- Table structure for table `estadisticasglobal`
--

CREATE TABLE IF NOT EXISTS `estadisticasglobal` (
  `idestadisticasGlobales` int(11) NOT NULL AUTO_INCREMENT,
  `nombre` varchar(45) DEFAULT NULL,
  `hora` time NOT NULL,
  `fecha` date NOT NULL,
  PRIMARY KEY (`idestadisticasGlobales`)
) ENGINE=InnoDB  DEFAULT CHARSET=latin1 AUTO_INCREMENT=1144 ;

--
-- Dumping data for table `estadisticasglobal`
--

INSERT INTO `estadisticasglobal` (`idestadisticasGlobales`, `nombre`, `hora`, `fecha`) VALUES
(34, 'inicio', '15:38:01', '2013-08-06'),
(35, 'busquedaTiendas', '15:38:03', '2013-08-06'),
(36, 'resultadoTienda: todo', '15:38:03', '2013-08-06'),
(37, 'inicio', '15:41:11', '2013-08-06'),
(38, 'busquedaTiendas', '15:41:12', '2013-08-06'),
(39, 'resultadoTienda: todo', '15:41:12', '2013-08-06'),
(40, 'inicio', '15:41:44', '2013-08-06'),
(41, 'busquedaTiendas', '15:41:46', '2013-08-06'),
(42, 'resultadoTienda: todo', '15:41:46', '2013-08-06'),
(43, 'Aldo', '15:41:55', '2013-08-06'),
(44, 'Aldo', '15:44:19', '2013-08-06'),
(45, 'inicio', '15:45:34', '2013-08-06'),
(46, 'inicio', '15:45:42', '2013-08-06'),
(47, 'busquedaTiendas', '15:45:44', '2013-08-06'),
(48, 'resultadoTienda: todo', '15:45:44', '2013-08-06'),
(49, 'Ash', '15:45:51', '2013-08-06'),
(50, 'inicio', '15:47:51', '2013-08-06'),
(51, 'busquedaTiendas', '15:47:53', '2013-08-06'),
(52, 'resultadoTienda: todo', '15:47:53', '2013-08-06'),
(53, 'inicio', '15:51:53', '2013-08-06'),
(54, 'busquedaTiendas', '15:51:55', '2013-08-06'),
(55, 'resultadoTienda: todo', '15:51:56', '2013-08-06'),
(56, 'Aldo', '15:52:07', '2013-08-06'),
(57, 'inicio', '15:56:51', '2013-08-06'),
(58, 'busquedaTiendas', '15:56:52', '2013-08-06'),
(59, 'resultadoTienda: todo', '15:56:53', '2013-08-06'),
(60, 'Aldo', '15:56:58', '2013-08-06'),
(61, 'inicio', '15:58:14', '2013-08-06'),
(62, 'busquedaTiendas', '15:58:15', '2013-08-06'),
(63, 'resultadoTienda: todo', '15:58:15', '2013-08-06'),
(64, 'Aldo', '15:58:19', '2013-08-06'),
(65, 'inicio', '15:58:55', '2013-08-06'),
(66, 'busquedaTiendas', '15:58:57', '2013-08-06'),
(67, 'resultadoTienda: todo', '15:58:57', '2013-08-06'),
(68, 'Aldo', '15:59:01', '2013-08-06'),
(69, 'busquedaRubros', '15:59:18', '2013-08-06'),
(70, 'busquedaMarcas', '15:59:22', '2013-08-06'),
(71, 'busquedaProductos', '15:59:24', '2013-08-06'),
(72, 'inicio', '16:00:21', '2013-08-06'),
(73, 'busquedaTiendas', '16:00:25', '2013-08-06'),
(74, 'resultadoTienda: todo', '16:00:25', '2013-08-06'),
(75, 'Aldo', '16:00:29', '2013-08-06'),
(76, 'inicio', '16:01:03', '2013-08-06'),
(77, 'busquedaTiendas', '16:01:05', '2013-08-06'),
(78, 'resultadoTienda: todo', '16:01:05', '2013-08-06'),
(79, 'Aldo', '16:01:10', '2013-08-06'),
(80, 'inicio', '16:01:46', '2013-08-06'),
(81, 'busquedaTiendas', '16:01:48', '2013-08-06'),
(82, 'resultadoTienda: todo', '16:01:48', '2013-08-06'),
(83, 'Barbizon', '16:01:53', '2013-08-06'),
(84, 'inicio', '16:02:15', '2013-08-06'),
(85, 'busquedaTiendas', '16:02:18', '2013-08-06'),
(86, 'resultadoTienda: todo', '16:02:18', '2013-08-06'),
(87, 'Banco Estado', '16:02:22', '2013-08-06'),
(88, 'inicio', '16:03:36', '2013-08-06'),
(89, 'busquedaTiendas', '16:03:37', '2013-08-06'),
(90, 'resultadoTienda: todo', '16:03:37', '2013-08-06'),
(91, 'Ash', '16:03:43', '2013-08-06'),
(92, 'inicio', '16:06:54', '2013-08-06'),
(93, 'busquedaTiendas', '16:06:56', '2013-08-06'),
(94, 'resultadoTienda: todo', '16:06:56', '2013-08-06'),
(95, 'Amphora', '16:07:00', '2013-08-06'),
(96, 'inicio', '16:07:25', '2013-08-06'),
(97, 'busquedaTiendas', '16:07:27', '2013-08-06'),
(98, 'resultadoTienda: todo', '16:07:27', '2013-08-06'),
(99, 'Aldo', '16:07:32', '2013-08-06'),
(100, 'inicio', '16:07:54', '2013-08-06'),
(101, 'busquedaTiendas', '16:07:55', '2013-08-06'),
(102, 'resultadoTienda: todo', '16:07:55', '2013-08-06'),
(103, 'Baby Infanti', '16:07:59', '2013-08-06'),
(104, 'Banco Chile', '16:08:06', '2013-08-06'),
(105, 'inicio', '16:11:37', '2013-08-06'),
(106, 'busquedaTiendas', '16:11:38', '2013-08-06'),
(107, 'resultadoTienda: todo', '16:11:38', '2013-08-06'),
(108, 'Amphora', '16:11:42', '2013-08-06'),
(109, 'inicio', '16:12:35', '2013-08-06'),
(110, 'busquedaTiendas', '16:12:40', '2013-08-06'),
(111, 'resultadoTienda: todo', '16:12:40', '2013-08-06'),
(112, 'Amphora', '16:12:45', '2013-08-06'),
(113, 'inicio', '16:13:26', '2013-08-06'),
(114, 'busquedaTiendas', '16:13:27', '2013-08-06'),
(115, 'resultadoTienda: todo', '16:13:27', '2013-08-06'),
(116, 'Aldo', '16:13:32', '2013-08-06'),
(117, 'inicio', '16:14:30', '2013-08-06'),
(118, 'busquedaTiendas', '16:14:31', '2013-08-06'),
(119, 'resultadoTienda: todo', '16:14:31', '2013-08-06'),
(120, 'Aldo', '16:14:41', '2013-08-06'),
(121, 'inicio', '16:15:09', '2013-08-06'),
(122, 'busquedaTiendas', '16:15:11', '2013-08-06'),
(123, 'resultadoTienda: todo', '16:15:11', '2013-08-06'),
(124, 'Banco Chile', '16:15:18', '2013-08-06'),
(125, 'inicio', '16:15:37', '2013-08-06'),
(126, 'busquedaTiendas', '16:15:38', '2013-08-06'),
(127, 'resultadoTienda: todo', '16:15:38', '2013-08-06'),
(128, 'Aldo', '16:15:41', '2013-08-06'),
(129, 'inicio', '16:16:21', '2013-08-06'),
(130, 'busquedaTiendas', '16:16:22', '2013-08-06'),
(131, 'resultadoTienda: todo', '16:16:22', '2013-08-06'),
(132, 'Aldo', '16:16:35', '2013-08-06'),
(133, 'inicio', '16:17:36', '2013-08-06'),
(134, 'busquedaTiendas', '16:17:38', '2013-08-06'),
(135, 'resultadoTienda: todo', '16:17:38', '2013-08-06'),
(136, 'Aldo', '16:17:43', '2013-08-06'),
(137, 'inicio', '16:23:51', '2013-08-06'),
(138, 'busquedaTiendas', '16:24:26', '2013-08-06'),
(139, 'resultadoTienda: todo', '16:24:26', '2013-08-06'),
(140, 'Aldo', '16:24:32', '2013-08-06'),
(141, 'inicio', '16:26:27', '2013-08-06'),
(142, 'busquedaTiendas', '16:26:29', '2013-08-06'),
(143, 'resultadoTienda: todo', '16:26:29', '2013-08-06'),
(144, 'Aldo', '16:26:33', '2013-08-06'),
(145, 'inicio', '16:27:21', '2013-08-06'),
(146, 'busquedaTiendas', '16:27:22', '2013-08-06'),
(147, 'resultadoTienda: todo', '16:27:22', '2013-08-06'),
(148, 'Banco Falabella', '16:27:27', '2013-08-06'),
(149, 'busquedaTiendas', '16:27:35', '2013-08-06'),
(150, 'resultadoTienda: todo', '16:27:35', '2013-08-06'),
(151, 'Amphora', '16:27:39', '2013-08-06'),
(152, 'inicio', '16:31:06', '2013-08-06'),
(153, 'busquedaTiendas', '16:31:07', '2013-08-06'),
(154, 'resultadoTienda: todo', '16:31:07', '2013-08-06'),
(155, 'Aldo', '16:31:11', '2013-08-06'),
(156, 'inicio', '16:31:20', '2013-08-06'),
(157, 'busquedaTiendas', '16:31:22', '2013-08-06'),
(158, 'resultadoTienda: todo', '16:31:22', '2013-08-06'),
(159, 'Banco Chile', '16:31:27', '2013-08-06'),
(160, 'inicio', '16:31:56', '2013-08-06'),
(161, 'busquedaTiendas', '16:31:58', '2013-08-06'),
(162, 'resultadoTienda: todo', '16:31:58', '2013-08-06'),
(163, 'Aldo', '16:32:01', '2013-08-06'),
(164, 'inicio', '16:32:33', '2013-08-06'),
(165, 'busquedaTiendas', '16:32:36', '2013-08-06'),
(166, 'resultadoTienda: todo', '16:32:36', '2013-08-06'),
(167, 'Amphora', '16:32:40', '2013-08-06'),
(168, 'inicio', '16:33:24', '2013-08-06'),
(169, 'busquedaTiendas', '16:33:25', '2013-08-06'),
(170, 'resultadoTienda: todo', '16:33:25', '2013-08-06'),
(171, 'Barbizon', '16:33:33', '2013-08-06'),
(172, 'inicio', '16:35:15', '2013-08-06'),
(173, 'busquedaTiendas', '16:35:17', '2013-08-06'),
(174, 'resultadoTienda: todo', '16:35:17', '2013-08-06'),
(175, 'Aldo', '16:35:23', '2013-08-06'),
(176, 'inicio', '16:35:36', '2013-08-06'),
(177, 'busquedaTiendas', '16:35:40', '2013-08-06'),
(178, 'resultadoTienda: todo', '16:35:40', '2013-08-06'),
(179, 'Aldo', '16:35:44', '2013-08-06'),
(180, 'inicio', '16:36:18', '2013-08-06'),
(181, 'busquedaTiendas', '16:36:20', '2013-08-06'),
(182, 'resultadoTienda: todo', '16:36:20', '2013-08-06'),
(183, 'Ash', '16:36:25', '2013-08-06'),
(184, 'inicio', '16:36:44', '2013-08-06'),
(185, 'busquedaTiendas', '16:36:45', '2013-08-06'),
(186, 'resultadoTienda: todo', '16:36:45', '2013-08-06'),
(187, 'Aldo', '16:36:49', '2013-08-06'),
(188, 'inicio', '16:39:23', '2013-08-06'),
(189, 'busquedaTiendas', '16:39:25', '2013-08-06'),
(190, 'resultadoTienda: todo', '16:39:25', '2013-08-06'),
(191, 'Banco Estado', '16:39:30', '2013-08-06'),
(192, 'inicio', '16:39:47', '2013-08-06'),
(193, 'busquedaTiendas', '16:39:48', '2013-08-06'),
(194, 'resultadoTienda: todo', '16:39:49', '2013-08-06'),
(195, 'Banco Ripley', '16:39:53', '2013-08-06'),
(196, 'inicio', '16:41:20', '2013-08-06'),
(197, 'busquedaTiendas', '16:41:22', '2013-08-06'),
(198, 'resultadoTienda: todo', '16:41:22', '2013-08-06'),
(199, 'Aldo', '16:41:27', '2013-08-06'),
(200, 'inicio', '16:43:26', '2013-08-06'),
(201, 'busquedaTiendas', '16:43:30', '2013-08-06'),
(202, 'resultadoTienda: todo', '16:43:30', '2013-08-06'),
(203, 'Aldo', '16:43:33', '2013-08-06'),
(204, 'inicio', '16:44:43', '2013-08-06'),
(205, 'busquedaTiendas', '16:44:45', '2013-08-06'),
(206, 'resultadoTienda: todo', '16:44:45', '2013-08-06'),
(207, 'Aldo', '16:44:50', '2013-08-06'),
(208, 'inicio', '16:47:05', '2013-08-06'),
(209, 'busquedaTiendas', '16:47:06', '2013-08-06'),
(210, 'resultadoTienda: todo', '16:47:06', '2013-08-06'),
(211, 'Amphora', '16:47:11', '2013-08-06'),
(212, 'protector', '16:53:10', '2013-08-06'),
(213, 'inicio', '23:34:28', '2013-08-06'),
(214, 'busquedaTiendas', '23:34:31', '2013-08-06'),
(215, 'resultadoTienda: todo', '23:34:31', '2013-08-06'),
(216, 'Aldo', '23:34:42', '2013-08-06'),
(217, 'inicio', '23:35:19', '2013-08-06'),
(218, 'busquedaTiendas', '23:36:30', '2013-08-06'),
(219, 'resultadoTienda: todo', '23:36:30', '2013-08-06'),
(220, 'Aldo', '23:36:35', '2013-08-06'),
(221, 'inicio', '23:37:25', '2013-08-06'),
(222, 'busquedaTiendas', '23:37:28', '2013-08-06'),
(223, 'resultadoTienda: todo', '23:37:28', '2013-08-06'),
(224, 'Aldo', '23:37:32', '2013-08-06'),
(225, 'protector', '23:43:31', '2013-08-06'),
(226, 'inicio', '23:52:10', '2013-08-06'),
(227, 'inicio', '23:52:11', '2013-08-06'),
(228, 'busquedaTiendas', '23:52:18', '2013-08-06'),
(229, 'resultadoTienda: todo', '23:52:18', '2013-08-06'),
(230, 'Aldo', '23:52:22', '2013-08-06'),
(231, 'protector', '23:59:00', '2013-08-06'),
(232, 'inicio', '00:01:47', '2013-08-07'),
(233, 'busquedaTiendas', '00:01:49', '2013-08-07'),
(234, 'resultadoTienda: todo', '00:01:49', '2013-08-07'),
(235, 'Aldo', '00:01:56', '2013-08-07'),
(236, 'protector', '00:08:11', '2013-08-07'),
(237, 'inicio', '00:16:41', '2013-08-07'),
(238, 'busquedaTiendas', '00:16:42', '2013-08-07'),
(239, 'resultadoTienda: todo', '00:16:42', '2013-08-07'),
(240, 'Aldo', '00:16:47', '2013-08-07'),
(241, 'Afex', '00:17:06', '2013-08-07'),
(242, 'Aldo', '00:17:15', '2013-08-07'),
(243, 'Aldo', '00:18:17', '2013-08-07'),
(244, 'Amphora', '00:20:10', '2013-08-07'),
(245, 'inicio', '00:20:22', '2013-08-07'),
(246, 'busquedaTiendas', '00:20:25', '2013-08-07'),
(247, 'resultadoTienda: todo', '00:20:25', '2013-08-07'),
(248, 'Aldo', '00:20:33', '2013-08-07'),
(249, 'Aldo', '00:21:25', '2013-08-07'),
(250, 'Aldo', '00:22:05', '2013-08-07'),
(251, 'Aldo', '00:25:10', '2013-08-07'),
(252, 'Aldo', '00:27:50', '2013-08-07'),
(253, 'protector', '00:34:01', '2013-08-07'),
(254, 'inicio', '00:34:48', '2013-08-07'),
(255, 'busquedaTiendas', '00:35:16', '2013-08-07'),
(256, 'resultadoTienda: todo', '00:35:16', '2013-08-07'),
(257, 'All Nutritions', '00:35:19', '2013-08-07'),
(258, 'Amphora', '00:35:25', '2013-08-07'),
(259, 'protector', '00:41:42', '2013-08-07'),
(260, 'inicio', '00:44:49', '2013-08-07'),
(261, 'busquedaTiendas', '00:44:51', '2013-08-07'),
(262, 'resultadoTienda: todo', '00:44:51', '2013-08-07'),
(263, 'Aldo', '00:48:55', '2013-08-07'),
(264, 'Aldo', '00:49:32', '2013-08-07'),
(265, 'Aldo', '00:50:07', '2013-08-07'),
(266, 'Aldo', '00:51:26', '2013-08-07'),
(267, 'Aldo', '00:52:26', '2013-08-07'),
(268, 'Aldo', '00:52:56', '2013-08-07'),
(269, 'Aldo', '00:53:44', '2013-08-07'),
(270, 'Aldo', '00:54:55', '2013-08-07'),
(271, 'Aldo', '00:55:24', '2013-08-07'),
(272, 'Aldo', '00:57:20', '2013-08-07'),
(273, 'Aldo', '00:59:01', '2013-08-07'),
(274, 'Aldo', '00:59:57', '2013-08-07'),
(275, 'inicio', '01:00:55', '2013-08-07'),
(276, 'busquedaTiendas', '01:00:56', '2013-08-07'),
(277, 'resultadoTienda: todo', '01:00:56', '2013-08-07'),
(278, 'Aldo', '01:01:01', '2013-08-07'),
(279, 'inicio', '10:09:39', '2013-08-07'),
(280, 'busquedaTiendas', '10:09:41', '2013-08-07'),
(281, 'resultadoTienda: todo', '10:09:41', '2013-08-07'),
(282, 'Banco Estado', '10:09:52', '2013-08-07'),
(283, 'protector', '10:15:51', '2013-08-07'),
(284, 'inicio', '11:23:29', '2013-08-07'),
(285, 'busquedaTiendas', '11:23:31', '2013-08-07'),
(286, 'resultadoTienda: todo', '11:23:31', '2013-08-07'),
(287, 'Afex', '11:23:35', '2013-08-07'),
(288, 'Americanino', '11:29:20', '2013-08-07'),
(289, 'inicio', '11:51:09', '2013-08-07'),
(290, 'busquedaTiendas', '11:51:12', '2013-08-07'),
(291, 'resultadoTienda: todo', '11:51:12', '2013-08-07'),
(292, 'Aldo', '11:51:17', '2013-08-07'),
(293, 'Afex', '11:51:35', '2013-08-07'),
(294, 'inicio', '11:51:54', '2013-08-07'),
(295, 'busquedaTiendas', '11:51:55', '2013-08-07'),
(296, 'resultadoTienda: todo', '11:51:56', '2013-08-07'),
(297, 'Adrenalin', '11:51:59', '2013-08-07'),
(298, 'inicio', '11:55:14', '2013-08-07'),
(299, 'busquedaTiendas', '11:55:15', '2013-08-07'),
(300, 'resultadoTienda: todo', '11:55:15', '2013-08-07'),
(301, 'Aldo', '11:55:21', '2013-08-07'),
(302, 'Aldo', '11:55:53', '2013-08-07'),
(303, 'Alfombras Cannon', '11:56:57', '2013-08-07'),
(304, 'Amphora', '11:57:18', '2013-08-07'),
(305, 'Americanino', '12:00:16', '2013-08-07'),
(306, 'Afex', '12:00:46', '2013-08-07'),
(307, 'Baby Infanti', '12:01:37', '2013-08-07'),
(308, 'protector', '12:07:37', '2013-08-07'),
(309, 'inicio', '12:13:30', '2013-08-07'),
(310, 'busquedaTiendas', '12:13:31', '2013-08-07'),
(311, 'resultadoTienda: todo', '12:13:31', '2013-08-07'),
(312, 'Abismo', '12:13:34', '2013-08-07'),
(313, 'Abismo', '12:17:22', '2013-08-07'),
(314, 'Abismo', '12:17:29', '2013-08-07'),
(315, 'Abismo', '12:18:02', '2013-08-07'),
(316, 'protector', '12:24:02', '2013-08-07'),
(317, 'inicio', '12:25:00', '2013-08-07'),
(318, 'busquedaTiendas', '12:25:02', '2013-08-07'),
(319, 'resultadoTienda: todo', '12:25:02', '2013-08-07'),
(320, 'Abismo', '12:25:05', '2013-08-07'),
(321, 'Abismo', '12:29:34', '2013-08-07'),
(322, 'Abismo', '12:29:44', '2013-08-07'),
(323, 'Abismo', '12:30:10', '2013-08-07'),
(324, 'Abismo', '12:30:35', '2013-08-07'),
(325, 'Abismo', '12:31:34', '2013-08-07'),
(326, 'inicio', '12:32:07', '2013-08-07'),
(327, 'busquedaTiendas', '12:32:08', '2013-08-07'),
(328, 'resultadoTienda: todo', '12:32:08', '2013-08-07'),
(329, 'Abismo', '12:32:13', '2013-08-07'),
(330, 'Abismo', '12:33:10', '2013-08-07'),
(331, 'Abismo', '12:38:23', '2013-08-07'),
(332, 'Abismo', '12:39:00', '2013-08-07'),
(333, 'Abismo', '12:39:18', '2013-08-07'),
(334, 'Abismo', '12:39:47', '2013-08-07'),
(335, 'inicio', '12:45:17', '2013-08-07'),
(336, 'busquedaTiendas', '12:45:19', '2013-08-07'),
(337, 'resultadoTienda: todo', '12:45:19', '2013-08-07'),
(338, 'Abismo', '12:45:21', '2013-08-07'),
(339, 'Adidas', '12:46:58', '2013-08-07'),
(340, 'Abismo', '12:51:38', '2013-08-07'),
(341, 'Afex', '12:54:07', '2013-08-07'),
(342, 'protector', '13:00:14', '2013-08-07'),
(343, 'protector', '14:01:11', '2013-08-07'),
(344, 'inicio', '14:01:12', '2013-08-07'),
(345, 'inicio', '14:01:13', '2013-08-07'),
(346, 'busquedaTiendas', '14:01:15', '2013-08-07'),
(347, 'resultadoTienda: todo', '14:01:15', '2013-08-07'),
(348, 'Abismo', '14:01:20', '2013-08-07'),
(349, 'protector', '14:02:48', '2013-08-07'),
(350, 'protector', '14:02:49', '2013-08-07'),
(351, 'protector', '14:02:51', '2013-08-07'),
(352, 'inicio', '14:02:52', '2013-08-07'),
(353, 'busquedaTiendas', '14:02:55', '2013-08-07'),
(354, 'resultadoTienda: todo', '14:02:55', '2013-08-07'),
(355, 'Abismo', '14:02:59', '2013-08-07'),
(356, 'Abismo', '14:05:02', '2013-08-07'),
(357, 'Abismo', '14:07:23', '2013-08-07'),
(358, 'Abismo', '14:08:31', '2013-08-07'),
(359, 'inicio', '14:08:53', '2013-08-07'),
(360, 'busquedaTiendas', '14:08:55', '2013-08-07'),
(361, 'resultadoTienda: todo', '14:08:55', '2013-08-07'),
(362, 'Abismo', '14:08:57', '2013-08-07'),
(363, 'Abismo', '14:15:05', '2013-08-07'),
(364, 'protector', '14:15:17', '2013-08-07'),
(365, 'inicio', '14:15:20', '2013-08-07'),
(366, 'inicio', '14:15:25', '2013-08-07'),
(367, 'busquedaTiendas', '14:15:26', '2013-08-07'),
(368, 'resultadoTienda: todo', '14:15:27', '2013-08-07'),
(369, 'Abismo', '14:15:30', '2013-08-07'),
(370, 'protector', '14:21:59', '2013-08-07'),
(371, 'inicio', '15:38:31', '2013-08-07'),
(372, 'busquedaTiendas', '15:38:33', '2013-08-07'),
(373, 'resultadoTienda: todo', '15:38:33', '2013-08-07'),
(374, 'protector', '15:44:41', '2013-08-07'),
(375, 'inicio', '16:37:56', '2013-08-07'),
(376, 'inicio', '16:37:56', '2013-08-07'),
(377, 'busquedaTiendas', '16:37:58', '2013-08-07'),
(378, 'resultadoTienda: todo', '16:37:58', '2013-08-07'),
(379, 'Buffet', '16:38:08', '2013-08-07'),
(380, 'protector', '16:44:07', '2013-08-07'),
(381, 'inicio', '17:27:29', '2013-08-07'),
(382, 'busquedaTiendas', '17:27:30', '2013-08-07'),
(383, 'resultadoTienda: todo', '17:27:30', '2013-08-07'),
(384, 'Aldo', '17:27:35', '2013-08-07'),
(385, 'Adidas', '17:28:15', '2013-08-07'),
(386, 'inicio', '18:41:02', '2013-08-07'),
(387, 'busquedaTiendas', '18:41:05', '2013-08-07'),
(388, 'resultadoTienda: todo', '18:41:05', '2013-08-07'),
(389, 'Alfombras Cannon', '18:41:19', '2013-08-07'),
(390, 'Bunny''s', '18:46:02', '2013-08-07'),
(391, 'inicio', '10:50:28', '2013-08-08'),
(392, 'busquedaTiendas', '10:50:47', '2013-08-08'),
(393, 'resultadoTienda: todo', '10:50:47', '2013-08-08'),
(394, 'Adrenalin', '10:50:54', '2013-08-08'),
(395, 'inicio', '11:49:28', '2013-08-08'),
(396, 'busquedaTiendas', '11:49:29', '2013-08-08'),
(397, 'resultadoTienda: todo', '11:49:29', '2013-08-08'),
(398, 'inicio', '16:28:11', '2013-08-08'),
(399, 'peg1', '16:28:12', '2013-08-08'),
(400, 'resultadoTienda: todo', '16:28:13', '2013-08-08'),
(401, 'resultadoTienda: Z', '16:28:19', '2013-08-08'),
(402, 'inicio', '16:29:26', '2013-08-08'),
(403, 'inicio', '16:29:30', '2013-08-08'),
(404, 'peg1', '16:29:32', '2013-08-08'),
(405, 'resultadoTienda: todo', '16:29:32', '2013-08-08'),
(406, 'resultadoTienda: Z', '16:29:34', '2013-08-08'),
(407, 'peg1', '16:47:59', '2013-08-08'),
(408, 'inicio', '16:48:03', '2013-08-08'),
(409, 'peg1', '16:48:04', '2013-08-08'),
(410, 'resultadoTienda: todo', '16:48:05', '2013-08-08'),
(411, 'resultadoTienda: Z', '16:48:08', '2013-08-08'),
(412, 'inicio', '16:48:20', '2013-08-08'),
(413, 'peg1', '16:48:21', '2013-08-08'),
(414, 'resultadoTienda: todo', '16:48:21', '2013-08-08'),
(415, 'resultadoTienda: Z', '16:48:27', '2013-08-08'),
(416, 'inicio', '16:49:55', '2013-08-08'),
(417, 'peg1', '16:49:57', '2013-08-08'),
(418, 'resultadoTienda: todo', '16:49:57', '2013-08-08'),
(419, 'resultadoTienda: Z', '16:50:03', '2013-08-08'),
(420, 'Zara', '16:50:05', '2013-08-08'),
(421, 'Zenzero', '16:50:25', '2013-08-08'),
(422, 'peg1', '16:56:24', '2013-08-08'),
(423, 'inicio', '16:57:50', '2013-08-08'),
(424, 'peg1', '16:57:52', '2013-08-08'),
(425, 'resultadoTienda: todo', '16:57:52', '2013-08-08'),
(426, 'Abismo', '16:57:57', '2013-08-08'),
(427, 'inicio', '20:26:06', '2013-08-08'),
(428, 'peg1', '20:27:37', '2013-08-08'),
(429, 'resultadoTienda: todo', '20:27:38', '2013-08-08'),
(430, 'resultadoTienda: Z', '20:27:47', '2013-08-08'),
(431, 'Zara', '20:27:55', '2013-08-08'),
(432, 'Zenzero', '20:28:44', '2013-08-08'),
(433, 'Zolkan', '20:29:15', '2013-08-08'),
(434, 'peg1', '20:35:47', '2013-08-08'),
(435, 'inicio', '20:38:36', '2013-08-08'),
(436, 'peg1', '20:42:25', '2013-08-08'),
(437, 'resultadoTienda: todo', '20:42:25', '2013-08-08'),
(438, 'Aldo', '20:42:38', '2013-08-08'),
(439, 'Alfombras Cannon', '20:42:54', '2013-08-08'),
(440, 'Aldo', '20:46:45', '2013-08-08'),
(441, 'Alfombras Cannon', '20:47:12', '2013-08-08'),
(442, 'Aldo', '20:53:51', '2013-08-08'),
(443, 'Ash', '20:54:25', '2013-08-08'),
(444, 'Alfombras Cannon', '20:55:01', '2013-08-08'),
(445, 'Alfombras Cannon', '20:55:25', '2013-08-08'),
(446, 'peg1', '21:01:52', '2013-08-08'),
(447, 'inicio', '21:03:18', '2013-08-08'),
(448, 'peg1', '21:03:19', '2013-08-08'),
(449, 'resultadoTienda: todo', '21:03:20', '2013-08-08'),
(450, 'Alfombras Cannon', '21:03:31', '2013-08-08'),
(451, 'Alfombras Cannon', '21:04:53', '2013-08-08'),
(452, 'Alfombras Cannon', '21:05:56', '2013-08-08'),
(453, 'peg1', '21:12:14', '2013-08-08'),
(454, 'inicio', '21:16:49', '2013-08-08'),
(455, 'peg1', '21:16:51', '2013-08-08'),
(456, 'resultadoTienda: todo', '21:16:51', '2013-08-08'),
(457, 'A3D', '21:16:58', '2013-08-08'),
(458, 'A3D', '21:20:13', '2013-08-08'),
(459, 'Alfombras Cannon', '21:21:26', '2013-08-08'),
(460, 'Aldo', '21:22:11', '2013-08-08'),
(461, 'Aldo', '21:23:02', '2013-08-08'),
(462, 'peg1', '21:29:30', '2013-08-08'),
(463, 'inicio', '21:31:04', '2013-08-08'),
(464, 'inicio', '21:31:36', '2013-08-08'),
(465, 'peg1', '21:31:38', '2013-08-08'),
(466, 'resultadoTienda: todo', '21:31:38', '2013-08-08'),
(467, 'A3D', '21:31:42', '2013-08-08'),
(468, 'A3D', '21:32:32', '2013-08-08'),
(469, 'All Nutritions', '21:33:33', '2013-08-08'),
(470, 'peg1', '21:35:22', '2013-08-08'),
(471, 'peg1', '21:35:27', '2013-08-08'),
(472, 'resultadoTienda: todo', '21:35:27', '2013-08-08'),
(473, 'Opel', '21:35:47', '2013-08-08'),
(474, 'peg1', '21:43:04', '2013-08-08'),
(475, 'inicio', '23:21:08', '2013-08-10'),
(476, 'inicio', '23:22:21', '2013-08-10'),
(477, 'peg1', '23:22:30', '2013-08-10'),
(478, 'resultadoTienda: todo', '23:22:35', '2013-08-10'),
(479, 'Alfombras Cannon', '23:23:00', '2013-08-10'),
(480, 'Azaleia', '23:24:32', '2013-08-10'),
(481, 'inicio', '23:42:26', '2013-08-10'),
(482, 'peg1', '23:42:27', '2013-08-10'),
(483, 'resultadoTienda: todo', '23:42:27', '2013-08-10'),
(484, '100% Futbol', '23:42:35', '2013-08-10'),
(485, 'Buffalo', '23:43:25', '2013-08-10'),
(486, 'Buffet', '23:44:23', '2013-08-10'),
(487, 'Caffarena', '23:45:42', '2013-08-10'),
(488, 'inicio', '10:52:57', '2013-08-12'),
(489, 'busquedaTiendas', '10:52:59', '2013-08-12'),
(490, 'resultadoTienda: todo', '10:52:59', '2013-08-12'),
(491, 'Adrenalin', '10:53:03', '2013-08-12'),
(492, 'protector', '10:59:42', '2013-08-12'),
(493, 'inicio', '10:59:44', '2013-08-12'),
(494, 'busquedaTiendas', '11:00:30', '2013-08-12'),
(495, 'resultadoTienda: todo', '11:00:30', '2013-08-12'),
(496, '100% Futbol', '11:00:35', '2013-08-12'),
(497, 'protector', '11:03:49', '2013-08-12'),
(498, 'inicio', '11:03:50', '2013-08-12'),
(499, 'busquedaTiendas', '11:03:51', '2013-08-12'),
(500, 'resultadoTienda: todo', '11:03:51', '2013-08-12'),
(501, 'inicio', '11:04:42', '2013-08-12'),
(502, 'busquedaTiendas', '11:04:43', '2013-08-12'),
(503, 'resultadoTienda: todo', '11:04:43', '2013-08-12'),
(504, 'inicio', '11:05:26', '2013-08-12'),
(505, 'busquedaTiendas', '11:05:28', '2013-08-12'),
(506, 'resultadoTienda: todo', '11:05:28', '2013-08-12'),
(507, '100% Futbol', '11:05:30', '2013-08-12'),
(508, '100% Futbol', '11:07:10', '2013-08-12'),
(509, 'Adidas', '11:10:24', '2013-08-12'),
(510, 'Abismo', '11:10:46', '2013-08-12'),
(511, 'All Nutritions', '11:11:12', '2013-08-12'),
(512, 'Americanino', '11:12:03', '2013-08-12'),
(513, 'China', '11:16:13', '2013-08-12'),
(514, 'Cine', '11:16:20', '2013-08-12'),
(515, 'protector', '11:22:44', '2013-08-12'),
(516, 'inicio', '11:43:31', '2013-08-12'),
(517, 'busquedaTiendas', '11:43:32', '2013-08-12'),
(518, 'resultadoTienda: todo', '11:43:32', '2013-08-12'),
(519, 'Aldo', '11:43:37', '2013-08-12'),
(520, 'inicio', '11:43:51', '2013-08-12'),
(521, 'busquedaTiendas', '11:44:01', '2013-08-12'),
(522, 'resultadoTienda: todo', '11:44:01', '2013-08-12'),
(523, 'inicio', '11:44:10', '2013-08-12'),
(524, 'busquedaTiendas', '11:44:23', '2013-08-12'),
(525, 'resultadoTienda: todo', '11:44:23', '2013-08-12'),
(526, 'protector', '11:50:35', '2013-08-12'),
(527, 'inicio', '11:50:53', '2013-08-12'),
(528, 'busquedaTiendas', '11:50:54', '2013-08-12'),
(529, 'resultadoTienda: todo', '11:50:54', '2013-08-12'),
(530, 'Adrenalin', '11:50:57', '2013-08-12'),
(531, 'inicio', '11:53:12', '2013-08-12'),
(532, 'busquedaTiendas', '11:53:13', '2013-08-12'),
(533, 'resultadoTienda: todo', '11:53:13', '2013-08-12'),
(534, 'protector', '12:02:53', '2013-08-12'),
(535, 'inicio', '12:03:58', '2013-08-12'),
(536, 'busquedaTiendas', '12:03:59', '2013-08-12'),
(537, 'resultadoTienda: todo', '12:03:59', '2013-08-12'),
(538, 'protector', '12:09:59', '2013-08-12'),
(539, 'inicio', '12:12:47', '2013-08-12'),
(540, 'busquedaTiendas', '12:12:48', '2013-08-12'),
(541, 'resultadoTienda: todo', '12:12:48', '2013-08-12'),
(542, 'Cannon Home', '12:12:57', '2013-08-12'),
(543, 'Cine', '12:14:30', '2013-08-12'),
(544, 'protector', '12:20:35', '2013-08-12'),
(545, 'inicio', '12:21:02', '2013-08-12'),
(546, 'busquedaTiendas', '12:21:03', '2013-08-12'),
(547, 'resultadoTienda: todo', '12:21:04', '2013-08-12'),
(548, 'Emporio', '12:21:36', '2013-08-12'),
(549, 'protector', '12:31:02', '2013-08-12'),
(550, 'inicio', '12:34:52', '2013-08-12'),
(551, 'busquedaTiendas', '12:34:53', '2013-08-12'),
(552, 'resultadoTienda: todo', '12:34:53', '2013-08-12'),
(553, 'protector', '12:44:00', '2013-08-12'),
(554, 'inicio', '12:46:01', '2013-08-12'),
(555, 'busquedaTiendas', '12:46:02', '2013-08-12'),
(556, 'resultadoTienda: todo', '12:46:02', '2013-08-12'),
(557, 'resultadoTienda: J', '12:46:05', '2013-08-12'),
(558, 'protector', '12:52:02', '2013-08-12'),
(559, 'inicio', '12:54:09', '2013-08-12'),
(560, 'busquedaTiendas', '12:54:11', '2013-08-12'),
(561, 'resultadoTienda: todo', '12:54:11', '2013-08-12'),
(562, 'protector', '13:01:02', '2013-08-12'),
(563, 'inicio', '13:02:02', '2013-08-12'),
(564, 'busquedaTiendas', '13:02:03', '2013-08-12'),
(565, 'resultadoTienda: todo', '13:02:04', '2013-08-12'),
(566, 'resultadoTienda: J', '13:02:05', '2013-08-12'),
(567, 'resultadoTienda: todo', '13:02:39', '2013-08-12'),
(568, 'protector', '13:08:52', '2013-08-12'),
(569, 'inicio', '13:09:23', '2013-08-12'),
(570, 'busquedaTiendas', '13:09:24', '2013-08-12'),
(571, 'resultadoTienda: todo', '13:09:24', '2013-08-12'),
(572, 'Mitsubishi', '13:14:56', '2013-08-12'),
(573, 'protector', '13:31:21', '2013-08-12'),
(574, 'inicio', '14:05:40', '2013-08-12'),
(575, 'busquedaTiendas', '14:05:41', '2013-08-12'),
(576, 'resultadoTienda: todo', '14:05:41', '2013-08-12'),
(577, 'Kicks', '14:05:53', '2013-08-12'),
(578, 'Opticas GMO', '14:06:11', '2013-08-12'),
(579, 'Senz', '14:06:30', '2013-08-12'),
(580, 'Swarowski', '14:06:35', '2013-08-12'),
(581, 'protector', '14:12:52', '2013-08-12'),
(582, 'inicio', '14:18:37', '2013-08-12'),
(583, 'busquedaTiendas', '14:18:38', '2013-08-12'),
(584, 'resultadoTienda: todo', '14:18:38', '2013-08-12'),
(585, 'Pardo''s Chicken', '14:19:00', '2013-08-12'),
(586, 'San Francisco', '14:19:09', '2013-08-12'),
(587, 'Senz', '14:19:16', '2013-08-12'),
(588, 'Samsung', '14:20:56', '2013-08-12'),
(589, 'inicio', '14:21:06', '2013-08-12'),
(590, 'inicio', '14:21:18', '2013-08-12'),
(591, 'inicio', '14:21:19', '2013-08-12'),
(592, 'inicio', '00:16:51', '2013-08-13'),
(593, 'tiendasDeServicio', '00:16:57', '2013-08-13'),
(594, 'protector', '00:17:09', '2013-08-13'),
(595, 'inicio', '00:17:10', '2013-08-13'),
(596, 'busquedaTiendas', '00:17:11', '2013-08-13'),
(597, 'resultadoTienda: todo', '00:17:11', '2013-08-13'),
(598, 'protector', '00:24:33', '2013-08-13'),
(599, 'inicio', '00:27:39', '2013-08-13'),
(600, 'busquedaTiendas', '00:27:40', '2013-08-13'),
(601, 'resultadoTienda: todo', '00:27:40', '2013-08-13'),
(602, 'Kary Perfume', '00:27:54', '2013-08-13'),
(603, 'protector', '00:59:45', '2013-08-13'),
(604, 'inicio', '01:01:29', '2013-08-13'),
(605, 'busquedaTiendas', '01:01:30', '2013-08-13'),
(606, 'resultadoTienda: todo', '01:01:30', '2013-08-13'),
(607, 'Mokka', '01:02:30', '2013-08-13'),
(608, 'Pollo Stop', '01:02:54', '2013-08-13'),
(609, 'Take a Wok', '01:04:42', '2013-08-13'),
(610, 'protector', '01:11:20', '2013-08-13'),
(611, 'inicio', '01:11:39', '2013-08-13'),
(612, 'busquedaTiendas', '01:11:40', '2013-08-13'),
(613, 'resultadoTienda: todo', '01:11:40', '2013-08-13'),
(614, 'Abismo', '01:11:42', '2013-08-13'),
(615, 'Renzo', '01:12:01', '2013-08-13'),
(616, 'protector', '01:18:18', '2013-08-13'),
(617, 'inicio', '12:58:33', '2013-08-13'),
(618, 'busquedaTiendas', '12:58:35', '2013-08-13'),
(619, 'resultadoTienda: todo', '12:58:35', '2013-08-13'),
(620, 'protector', '13:07:01', '2013-08-13'),
(621, 'inicio', '13:26:23', '2013-08-13'),
(622, 'protector', '13:32:27', '2013-08-13'),
(623, 'inicio', '13:43:23', '2013-08-13'),
(624, 'busquedaTiendas', '13:43:24', '2013-08-13'),
(625, 'resultadoTienda: todo', '13:43:24', '2013-08-13'),
(626, 'Bruno Rossi', '13:45:57', '2013-08-13'),
(627, 'Emporio la Rosa', '13:47:07', '2013-08-13'),
(628, 'Johnny Rockets', '13:47:35', '2013-08-13'),
(629, 'Levis/Dockers', '13:47:55', '2013-08-13'),
(630, 'Lolita Pocket', '13:48:08', '2013-08-13'),
(631, 'Montaditos', '13:48:53', '2013-08-13'),
(632, 'Perry Ellis', '13:49:22', '2013-08-13'),
(633, 'protector', '13:56:37', '2013-08-13'),
(634, 'inicio', '14:26:38', '2013-08-13'),
(635, 'busquedaTiendas', '14:26:39', '2013-08-13'),
(636, 'resultadoTienda: todo', '14:26:39', '2013-08-13'),
(637, 'Buffet', '14:26:49', '2013-08-13'),
(638, 'inicio', '11:41:05', '2013-08-29'),
(639, 'inicio', '11:41:51', '2013-08-29'),
(640, 'inicio', '11:41:54', '2013-08-29'),
(641, 'inicio', '11:41:55', '2013-08-29'),
(642, 'inicio', '11:42:05', '2013-08-29'),
(643, 'inicio', '11:42:10', '2013-08-29'),
(644, 'inicio', '11:42:11', '2013-08-29'),
(645, 'entretencion', '11:42:36', '2013-08-29'),
(646, 'inicio', '11:42:40', '2013-08-29'),
(647, 'inicio', '11:42:43', '2013-08-29'),
(648, 'inicio', '11:42:43', '2013-08-29'),
(649, 'inicio', '11:43:44', '2013-08-29'),
(650, 'inicio', '11:45:13', '2013-08-29'),
(651, 'inicio', '11:46:12', '2013-08-29'),
(652, 'inicio', '11:46:13', '2013-08-29'),
(653, 'inicio', '11:46:20', '2013-08-29'),
(654, 'inicio', '11:46:25', '2013-08-29'),
(655, 'inicio', '11:48:04', '2013-08-29'),
(656, 'inicio', '11:49:17', '2013-08-29'),
(657, 'inicio', '11:49:18', '2013-08-29'),
(658, 'cine', '11:49:26', '2013-08-29'),
(659, 'protector', '11:49:30', '2013-08-29'),
(660, 'inicio', '11:49:31', '2013-08-29'),
(661, 'inicio', '11:49:33', '2013-08-29'),
(662, 'inicio', '11:49:33', '2013-08-29'),
(663, 'inicio', '11:49:34', '2013-08-29'),
(664, 'inicio', '11:49:34', '2013-08-29'),
(665, 'inicio', '11:49:35', '2013-08-29'),
(666, 'inicio', '11:49:35', '2013-08-29'),
(667, 'inicio', '11:49:35', '2013-08-29'),
(668, 'inicio', '11:53:31', '2013-08-29'),
(669, 'inicio', '11:53:37', '2013-08-29'),
(670, 'inicio', '11:53:57', '2013-08-29'),
(671, 'inicio', '11:54:27', '2013-08-29'),
(672, 'inicio', '11:54:31', '2013-08-29'),
(673, 'descuentos', '11:54:32', '2013-08-29'),
(674, 'inicio', '11:57:44', '2013-08-29'),
(675, 'descuentos', '11:57:48', '2013-08-29'),
(676, 'inicio', '11:58:18', '2013-08-29'),
(677, 'inicio', '12:01:15', '2013-08-29'),
(678, 'protector', '12:08:03', '2013-08-29'),
(679, 'inicio', '12:08:41', '2013-08-29'),
(680, 'inicio', '12:09:15', '2013-08-29'),
(681, 'inicio', '12:09:19', '2013-08-29'),
(682, 'protector', '12:13:53', '2013-08-29'),
(683, 'inicio', '12:13:54', '2013-08-29'),
(684, 'inicio', '12:16:05', '2013-08-29'),
(685, 'protector', '12:16:09', '2013-08-29'),
(686, 'inicio', '12:16:10', '2013-08-29'),
(687, 'descuentos', '12:16:12', '2013-08-29'),
(688, 'protector', '12:22:38', '2013-08-29'),
(689, 'inicio', '12:24:01', '2013-08-29'),
(690, 'tiendasDeServicio', '12:24:01', '2013-08-29'),
(691, 'inicio', '12:24:07', '2013-08-29'),
(692, 'descuentos', '12:24:11', '2013-08-29'),
(693, 'inicio', '12:30:06', '2013-08-29'),
(694, 'inicio', '12:31:01', '2013-08-29'),
(695, 'inicio', '12:33:59', '2013-08-29'),
(696, 'inicio', '12:34:29', '2013-08-29'),
(697, 'inicio', '12:35:51', '2013-08-29'),
(698, 'descuentos', '12:35:53', '2013-08-29'),
(699, 'inicio', '12:40:38', '2013-08-29'),
(700, 'descuentos', '12:40:43', '2013-08-29'),
(701, 'inicio', '12:41:04', '2013-08-29'),
(702, 'descuentos', '12:41:06', '2013-08-29'),
(703, 'inicio', '12:42:31', '2013-08-29'),
(704, 'descuentos', '12:42:33', '2013-08-29'),
(705, 'inicio', '12:51:21', '2013-08-29'),
(706, 'inicio', '12:51:39', '2013-08-29'),
(707, 'protector', '12:57:39', '2013-08-29'),
(708, 'inicio', '13:06:14', '2013-08-29'),
(709, 'inicio', '13:06:55', '2013-08-29'),
(710, 'inicio', '13:06:56', '2013-08-29'),
(711, 'inicio', '13:07:10', '2013-08-29'),
(712, 'inicio', '13:07:21', '2013-08-29'),
(713, 'inicio', '13:07:30', '2013-08-29'),
(714, 'inicio', '13:07:47', '2013-08-29'),
(715, 'descuentos', '13:07:49', '2013-08-29'),
(716, 'inicio', '13:07:52', '2013-08-29'),
(717, 'inicio', '13:08:10', '2013-08-29'),
(718, 'protector', '13:14:14', '2013-08-29'),
(719, 'inicio', '14:09:42', '2013-08-29'),
(720, 'busquedaTiendas', '14:09:45', '2013-08-29'),
(721, 'resultadoTienda: todo', '14:09:45', '2013-08-29'),
(722, 'descuentos', '14:10:03', '2013-08-29'),
(723, 'inicio', '14:10:11', '2013-08-29'),
(724, 'inicio', '14:10:17', '2013-08-29'),
(725, 'cine', '14:10:18', '2013-08-29'),
(726, 'protector', '14:16:13', '2013-08-29'),
(727, 'inicio', '17:11:14', '2013-08-29'),
(728, 'descuentos', '17:11:25', '2013-08-29'),
(729, 'inicio', '17:11:41', '2013-08-29'),
(730, 'horarios', '17:21:05', '2013-08-29'),
(731, 'busquedaTiendas', '17:23:37', '2013-08-29'),
(732, 'resultadoTienda: todo', '17:23:37', '2013-08-29'),
(733, 'busquedaProductos', '17:26:44', '2013-08-29'),
(734, 'protector', '17:36:23', '2013-08-29'),
(735, 'inicio', '12:08:41', '2013-09-12'),
(736, 'descuentos', '12:08:44', '2013-09-12'),
(737, 'protector', '12:15:21', '2013-09-12'),
(738, 'inicio', '12:22:30', '2013-09-12'),
(739, 'tiendasDeServicio', '12:22:32', '2013-09-12'),
(740, 'inicio', '12:22:36', '2013-09-12'),
(741, 'descuentos', '12:22:38', '2013-09-12'),
(742, 'protector', '12:28:38', '2013-09-12'),
(743, 'inicio', '18:54:26', '2013-09-25'),
(744, 'inicio', '18:58:39', '2013-09-25'),
(745, 'tiendasDeServicio', '18:58:43', '2013-09-25'),
(746, 'servicios-mapa-nivel01', '18:59:00', '2013-09-25'),
(747, 'inicio', '18:59:17', '2013-09-25'),
(748, 'inicio', '18:59:55', '2013-09-25'),
(749, 'protector', '19:05:51', '2013-09-25'),
(750, 'inicio', '19:10:13', '2013-09-25'),
(751, 'inicio', '19:10:19', '2013-09-25'),
(752, 'inicio', '19:11:08', '2013-09-25'),
(753, 'inicio', '19:11:12', '2013-09-25'),
(754, 'inicio', '19:11:17', '2013-09-25'),
(755, 'inicio', '19:11:23', '2013-09-25'),
(756, 'protector', '19:18:34', '2013-09-25'),
(757, 'inicio', '19:19:27', '2013-09-25'),
(758, 'inicio', '19:19:28', '2013-09-25'),
(759, 'inicio', '19:19:34', '2013-09-25'),
(760, 'inicio', '19:19:42', '2013-09-25'),
(761, 'protector', '19:28:47', '2013-09-25'),
(762, 'inicio', '19:37:41', '2013-09-25'),
(763, 'inicio', '19:37:42', '2013-09-25'),
(764, 'inicio', '19:37:52', '2013-09-25'),
(765, 'inicio', '19:37:54', '2013-09-25'),
(766, 'protector', '19:43:57', '2013-09-25'),
(767, 'inicio', '19:44:33', '2013-09-25'),
(768, 'servicios-mapa-nivel01', '19:44:39', '2013-09-25'),
(769, 'servicios-mapa-nivel01', '19:44:41', '2013-09-25'),
(770, 'servicios-mapa-nivel03', '19:44:44', '2013-09-25'),
(771, 'servicios-mapa-nivel04', '19:44:47', '2013-09-25'),
(772, 'servicios-mapa-nivel02', '19:44:48', '2013-09-25'),
(773, 'servicios-mapa-nivel01', '19:44:49', '2013-09-25'),
(774, 'servicios-mapa-nivel02', '19:44:51', '2013-09-25'),
(775, 'servicios-mapa-nivel03', '19:44:52', '2013-09-25'),
(776, 'inicio', '19:45:46', '2013-09-25'),
(777, 'inicio', '19:45:49', '2013-09-25'),
(778, 'inicio', '19:45:58', '2013-09-25'),
(779, 'servicios-mapa-nivel01', '19:46:04', '2013-09-25'),
(780, 'servicios-mapa-nivel04', '19:46:10', '2013-09-25'),
(781, 'servicios-mapa-nivel03', '19:46:11', '2013-09-25'),
(782, 'servicios-mapa-nivel04', '19:46:13', '2013-09-25'),
(783, 'servicios-mapa-nivel01', '19:46:19', '2013-09-25'),
(784, 'servicios-mapa-nivel02', '19:46:21', '2013-09-25'),
(785, 'servicios-mapa-nivel01', '19:46:24', '2013-09-25'),
(786, 'protector', '19:52:08', '2013-09-25'),
(787, 'inicio', '19:52:09', '2013-09-25'),
(788, 'protector', '19:58:11', '2013-09-25'),
(789, 'inicio', '20:05:33', '2013-09-25'),
(790, 'inicio', '11:34:04', '2013-09-30'),
(791, 'busquedaTiendas', '11:34:05', '2013-09-30'),
(792, 'resultadoTienda: todo', '11:34:06', '2013-09-30'),
(793, '100% Futbol', '11:34:08', '2013-09-30'),
(794, 'inicio', '23:57:38', '2013-10-07'),
(795, 'descuentos', '23:57:41', '2013-10-07'),
(796, 'inicio', '23:57:42', '2013-10-07'),
(797, 'tiendasDeServicio', '23:57:45', '2013-10-07'),
(798, 'inicio', '23:57:55', '2013-10-07'),
(799, 'inicio', '23:57:57', '2013-10-07'),
(800, 'inicio', '23:58:01', '2013-10-07'),
(801, 'servicios-mapa-nivel01', '23:58:17', '2013-10-07'),
(802, 'servicios-mapa-nivel04', '23:58:34', '2013-10-07'),
(803, 'servicios-mapa-nivel03', '23:58:38', '2013-10-07'),
(804, 'protector', '00:06:51', '2013-10-08'),
(805, 'inicio', '00:20:10', '2013-10-08'),
(806, 'inicio', '00:21:47', '2013-10-08'),
(807, 'protector', '00:30:31', '2013-10-08'),
(808, 'inicio', '00:31:24', '2013-10-08'),
(809, 'protector', '00:39:16', '2013-10-08'),
(810, 'inicio', '11:30:28', '2013-10-18'),
(811, 'descuentos', '11:30:29', '2013-10-18'),
(812, 'inicio', '11:30:42', '2013-10-18'),
(813, 'tiendasDeServicio', '11:30:43', '2013-10-18'),
(814, 'descuentos', '11:30:48', '2013-10-18'),
(815, 'inicio', '11:31:02', '2013-10-18'),
(816, 'descuentos', '11:31:04', '2013-10-18'),
(817, 'descuentos', '11:35:16', '2013-10-18'),
(818, 'inicio', '11:35:19', '2013-10-18'),
(819, 'descuentos', '11:35:21', '2013-10-18'),
(820, 'inicio', '11:35:22', '2013-10-18'),
(821, 'descuentos', '11:35:24', '2013-10-18'),
(822, 'inicio', '11:35:25', '2013-10-18'),
(823, 'descuentos', '11:35:26', '2013-10-18'),
(824, 'inicio', '11:35:27', '2013-10-18'),
(825, 'descuentos', '11:35:28', '2013-10-18'),
(826, 'inicio', '11:35:28', '2013-10-18'),
(827, 'descuentos', '11:35:30', '2013-10-18'),
(828, 'inicio', '11:35:30', '2013-10-18'),
(829, 'descuentos', '11:35:31', '2013-10-18'),
(830, 'inicio', '11:35:32', '2013-10-18'),
(831, 'descuentos', '11:35:33', '2013-10-18'),
(832, 'inicio', '11:35:34', '2013-10-18'),
(833, 'descuentos', '11:35:35', '2013-10-18'),
(834, 'inicio', '11:35:36', '2013-10-18'),
(835, 'descuentos', '11:35:37', '2013-10-18'),
(836, 'inicio', '11:35:37', '2013-10-18'),
(837, 'descuentos', '11:35:38', '2013-10-18'),
(838, 'inicio', '11:35:39', '2013-10-18'),
(839, 'descuentos', '11:35:40', '2013-10-18'),
(840, 'inicio', '11:35:41', '2013-10-18'),
(841, 'descuentos', '11:35:42', '2013-10-18'),
(842, 'inicio', '11:35:43', '2013-10-18'),
(843, 'descuentos', '11:35:44', '2013-10-18'),
(844, 'inicio', '11:35:45', '2013-10-18'),
(845, 'descuentos', '11:35:46', '2013-10-18'),
(846, 'inicio', '11:35:47', '2013-10-18'),
(847, 'descuentos', '11:39:59', '2013-10-18'),
(848, 'inicio', '11:40:01', '2013-10-18'),
(849, 'descuentos', '11:40:03', '2013-10-18'),
(850, 'inicio', '11:40:05', '2013-10-18'),
(851, 'descuentos', '11:40:06', '2013-10-18'),
(852, 'inicio', '11:40:08', '2013-10-18'),
(853, 'descuentos', '11:40:09', '2013-10-18'),
(854, 'protector', '11:46:08', '2013-10-18'),
(855, 'inicio', '11:55:13', '2013-10-18'),
(856, 'protector', '12:08:16', '2013-10-18'),
(857, 'busquedaTiendas', '16:10:44', '2013-11-20'),
(858, 'resultadoTienda: todo', '16:10:45', '2013-11-20'),
(859, 'protector', '16:27:47', '2013-11-20'),
(860, 'inicio', '13:22:10', '2013-11-21'),
(861, 'busquedaTiendas', '13:22:14', '2013-11-21'),
(862, 'resultadoTienda: todo', '13:22:14', '2013-11-21'),
(863, 'inicio', '13:23:28', '2013-11-21'),
(864, 'busquedaTiendas', '13:23:32', '2013-11-21'),
(865, 'resultadoTienda: todo', '13:23:32', '2013-11-21'),
(866, 'resultadoTienda: B', '13:23:36', '2013-11-21'),
(867, 'inicio', '13:25:42', '2013-11-21'),
(868, 'busquedaTiendas', '13:25:45', '2013-11-21'),
(869, 'resultadoTienda: todo', '13:25:46', '2013-11-21'),
(870, 'resultadoTienda: B', '13:25:50', '2013-11-21'),
(871, 'inicio', '13:29:11', '2013-11-21'),
(872, 'busquedaTiendas', '13:29:15', '2013-11-21'),
(873, 'resultadoTienda: todo', '13:29:16', '2013-11-21'),
(874, 'resultadoTienda: B', '13:29:18', '2013-11-21'),
(875, 'protector', '13:35:14', '2013-11-21'),
(876, 'inicio', '14:06:17', '2013-11-21'),
(877, 'busquedaTiendas', '14:06:18', '2013-11-21'),
(878, 'resultadoTienda: todo', '14:06:18', '2013-11-21'),
(879, 'resultadoTienda: B', '14:06:22', '2013-11-21'),
(880, 'protector', '14:12:17', '2013-11-21'),
(881, 'inicio', '14:19:03', '2013-11-21'),
(882, 'inicio', '14:20:07', '2013-11-21'),
(883, 'busquedaTiendas', '14:20:14', '2013-11-21'),
(884, 'resultadoTienda: B', '14:20:15', '2013-11-21'),
(885, 'resultadoTienda: todo', '14:20:16', '2013-11-21'),
(886, 'inicio', '14:21:23', '2013-11-21'),
(887, 'inicio', '14:21:28', '2013-11-21'),
(888, 'cine', '14:21:31', '2013-11-21'),
(889, 'inicio', '14:21:39', '2013-11-21'),
(890, 'inicio', '14:21:49', '2013-11-21'),
(891, 'tiendasDeServicio', '14:21:52', '2013-11-21'),
(892, 'Tiendas de servicio - Bancos y Casas de Cambi', '14:21:54', '2013-11-21'),
(893, 'inicio', '14:21:57', '2013-11-21'),
(894, 'inicio', '14:22:09', '2013-11-21'),
(895, 'inicio', '14:24:04', '2013-11-21'),
(896, 'descuentos', '14:24:11', '2013-11-21'),
(897, 'inicio', '14:24:16', '2013-11-21'),
(898, 'horarios', '14:24:24', '2013-11-21'),
(899, 'inicio', '14:24:27', '2013-11-21'),
(900, 'inicio', '14:24:30', '2013-11-21'),
(901, 'inicio', '14:24:35', '2013-11-21'),
(902, 'busquedaTiendas', '14:24:38', '2013-11-21'),
(903, 'resultadoTienda: B', '14:24:41', '2013-11-21'),
(904, 'resultadoTienda: todo', '14:24:42', '2013-11-21'),
(905, 'protector', '14:25:03', '2013-11-21'),
(906, 'inicio', '14:27:44', '2013-11-21'),
(907, 'protector', '14:27:49', '2013-11-21'),
(908, 'inicio', '14:27:53', '2013-11-21'),
(909, 'busquedaTiendas', '14:28:12', '2013-11-21'),
(910, 'resultadoTienda: B', '14:28:15', '2013-11-21'),
(911, 'resultadoTienda: todo', '14:28:15', '2013-11-21'),
(912, 'inicio', '14:28:36', '2013-11-21'),
(913, 'servicios-mapa-nivel01', '14:28:55', '2013-11-21'),
(914, 'servicios-mapa-nivel01', '14:29:10', '2013-11-21'),
(915, 'inicio', '14:29:15', '2013-11-21'),
(916, 'busquedaTiendas', '14:29:21', '2013-11-21'),
(917, 'resultadoTienda: todo', '14:29:24', '2013-11-21'),
(918, 'inicio', '14:29:51', '2013-11-21'),
(919, 'inicio', '14:30:07', '2013-11-21'),
(920, 'busquedaTiendas', '14:30:11', '2013-11-21'),
(921, 'resultadoTienda: B', '14:30:13', '2013-11-21'),
(922, 'resultadoTienda: todo', '14:30:13', '2013-11-21'),
(923, 'inicio', '14:30:39', '2013-11-21'),
(924, 'busquedaTiendas', '14:31:28', '2013-11-21'),
(925, 'resultadoTienda: todo', '14:31:31', '2013-11-21'),
(926, 'busquedaProductos', '14:31:36', '2013-11-21'),
(927, 'busquedaRubros', '14:31:39', '2013-11-21'),
(928, 'resultadoRubro: Bancos', '14:33:04', '2013-11-21'),
(929, 'Banco Chile', '14:33:28', '2013-11-21'),
(930, 'busquedaTiendas', '14:34:08', '2013-11-21'),
(931, 'resultadoTienda: todo', '14:34:11', '2013-11-21'),
(932, 'protector', '14:45:01', '2013-11-21'),
(933, 'inicio', '14:56:33', '2013-11-21'),
(934, 'busquedaTiendas', '14:56:39', '2013-11-21'),
(935, 'resultadoTienda: todo', '14:56:41', '2013-11-21'),
(936, 'resultadoTienda: B', '14:56:51', '2013-11-21'),
(937, 'inicio', '15:08:23', '2013-11-21'),
(938, 'inicio', '15:25:02', '2013-11-21'),
(939, 'busquedaTiendas', '15:25:05', '2013-11-21'),
(940, 'resultadoTienda: todo', '15:25:05', '2013-11-21'),
(941, 'resultadoTienda: B', '15:25:12', '2013-11-21'),
(942, 'protector', '15:32:38', '2013-11-21'),
(943, 'protector', '17:45:37', '2013-11-21'),
(944, 'inicio', '18:51:59', '2013-11-21'),
(945, 'busquedaTiendas', '18:53:18', '2013-11-21'),
(946, 'resultadoTienda: todo', '18:53:22', '2013-11-21'),
(947, 'busquedaProductos', '18:53:40', '2013-11-21'),
(948, 'busquedaMarcas', '18:53:42', '2013-11-21'),
(949, 'busquedaRubros', '18:53:44', '2013-11-21'),
(950, 'resultadoRubro: Bancos y Casas de Cambio', '18:53:49', '2013-11-21'),
(951, 'Banco Estado', '18:54:00', '2013-11-21'),
(952, 'protector', '18:54:03', '2013-11-21'),
(953, 'inicio', '18:54:07', '2013-11-21'),
(954, 'ayuda', '18:54:12', '2013-11-21'),
(955, 'inicio', '18:54:15', '2013-11-21'),
(956, 'horarios', '18:54:17', '2013-11-21'),
(957, 'horarios', '18:54:23', '2013-11-21'),
(958, 'inicio', '18:54:25', '2013-11-21'),
(959, 'servicios-mapa-nivel01', '18:54:30', '2013-11-21'),
(960, 'servicios-mapa-nivel02', '18:54:32', '2013-11-21'),
(961, 'servicios-mapa-nivel03', '18:54:34', '2013-11-21'),
(962, 'inicio', '18:54:38', '2013-11-21'),
(963, 'inicio', '23:25:09', '2013-11-21'),
(964, 'busquedaTiendas', '23:25:15', '2013-11-21'),
(965, 'resultadoTienda: todo', '23:25:21', '2013-11-21'),
(966, 'resultadoTienda: B', '23:25:33', '2013-11-21'),
(967, 'inicio', '23:26:29', '2013-11-21'),
(968, 'protector', '23:39:52', '2013-11-21'),
(969, 'inicio', '23:49:56', '2013-11-21'),
(970, 'inicio', '23:50:52', '2013-11-21'),
(971, 'busquedaTiendas', '23:50:56', '2013-11-21'),
(972, 'resultadoTienda: todo', '23:50:59', '2013-11-21'),
(973, 'busquedaRubros', '23:51:08', '2013-11-21'),
(974, 'resultadoRubro: Bancos', '23:51:13', '2013-11-21'),
(975, 'busquedaTiendas', '23:51:23', '2013-11-21'),
(976, 'resultadoTienda: todo', '23:51:26', '2013-11-21'),
(977, 'busquedaRubros', '23:51:28', '2013-11-21'),
(978, 'resultadoRubro: Bancos', '23:51:32', '2013-11-21'),
(979, 'resultadoTienda: todo', '23:56:00', '2013-11-21'),
(980, 'busquedaRubros', '23:56:05', '2013-11-21'),
(981, 'resultadoRubro: Bancos', '23:56:11', '2013-11-21'),
(982, 'busquedaRubros', '23:56:21', '2013-11-21'),
(983, 'resultadoRubro: Computacin y Electrnica', '23:56:33', '2013-11-21'),
(984, 'inicio', '00:01:13', '2013-11-22'),
(985, 'busquedaTiendas', '00:01:15', '2013-11-22'),
(986, 'resultadoTienda: todo', '00:01:18', '2013-11-22'),
(987, 'busquedaRubros', '00:01:18', '2013-11-22'),
(988, 'resultadoRubro: Bancos', '00:01:22', '2013-11-22'),
(989, 'Banco Estado', '00:01:49', '2013-11-22'),
(990, 'busquedaProductos', '00:02:54', '2013-11-22'),
(991, 'busquedaMarcas', '00:03:11', '2013-11-22'),
(992, 'busquedaTiendas', '00:03:14', '2013-11-22'),
(993, 'resultadoTienda: todo', '00:03:17', '2013-11-22'),
(994, 'busquedaRubros', '00:03:17', '2013-11-22'),
(995, 'resultadoRubro: Bancos', '00:03:21', '2013-11-22'),
(996, 'protector', '00:09:24', '2013-11-22'),
(997, 'inicio', '00:10:13', '2013-11-22'),
(998, 'tiendasDeServicio', '00:10:17', '2013-11-22'),
(999, 'Tiendas de servicio - Bancos y Casas de Cambi', '00:10:25', '2013-11-22'),
(1000, 'tiendasDeServicio', '00:10:29', '2013-11-22'),
(1001, 'Tiendas de servicio - Servicios Pblicos', '00:10:32', '2013-11-22'),
(1002, 'tiendasDeServicio', '00:10:36', '2013-11-22'),
(1003, 'protector', '00:16:36', '2013-11-22'),
(1004, 'inicio', '18:21:35', '2013-11-22'),
(1005, 'inicio', '10:36:24', '2013-11-23'),
(1006, 'busquedaTiendas', '10:36:30', '2013-11-23'),
(1007, 'resultadoTienda: todo', '10:36:35', '2013-11-23'),
(1008, 'resultadoTienda: B', '10:36:49', '2013-11-23'),
(1009, 'resultadoTienda: B', '10:36:58', '2013-11-23'),
(1010, 'resultadoTienda: C', '10:37:03', '2013-11-23'),
(1011, 'resultadoTienda: B', '10:37:11', '2013-11-23'),
(1012, 'inicio', '11:59:25', '2013-11-23'),
(1013, 'busquedaTiendas', '11:59:33', '2013-11-23'),
(1014, 'resultadoTienda: B', '11:59:47', '2013-11-23'),
(1015, 'resultadoTienda: todo', '11:59:47', '2013-11-23'),
(1016, 'protector', '13:01:18', '2013-11-23'),
(1017, 'inicio', '12:42:36', '2013-11-25'),
(1018, 'inicio', '12:42:48', '2013-11-25'),
(1019, 'inicio', '12:42:51', '2013-11-25'),
(1020, 'inicio', '12:42:51', '2013-11-25'),
(1021, 'inicio', '13:00:25', '2013-11-25'),
(1022, 'inicio', '13:02:25', '2013-11-25'),
(1023, 'inicio', '13:02:55', '2013-11-25'),
(1024, 'busquedaTiendas', '13:05:49', '2013-11-25'),
(1025, 'resultadoTienda: todo', '13:05:49', '2013-11-25'),
(1026, 'busquedaRubros', '13:05:53', '2013-11-25'),
(1027, 'resultadoRubro: Bancos', '13:05:58', '2013-11-25'),
(1028, 'protector', '13:06:27', '2013-11-25'),
(1029, 'inicio', '13:15:10', '2013-11-25'),
(1030, 'busquedaTiendas', '13:15:13', '2013-11-25'),
(1031, 'resultadoTienda: todo', '13:15:13', '2013-11-25'),
(1032, 'busquedaRubros', '13:15:15', '2013-11-25'),
(1033, 'resultadoRubro: Bancos', '13:15:19', '2013-11-25'),
(1034, 'protector', '13:22:40', '2013-11-25'),
(1035, 'inicio', '13:29:18', '2013-11-25'),
(1036, 'inicio', '13:30:33', '2013-11-25'),
(1037, 'busquedaTiendas', '13:30:35', '2013-11-25'),
(1038, 'resultadoTienda: todo', '13:30:35', '2013-11-25'),
(1039, 'busquedaRubros', '13:30:41', '2013-11-25'),
(1040, 'resultadoRubro: Bancos', '13:30:44', '2013-11-25'),
(1041, 'inicio', '13:33:15', '2013-11-25'),
(1042, 'busquedaTiendas', '13:33:17', '2013-11-25'),
(1043, 'resultadoTienda: todo', '13:33:17', '2013-11-25'),
(1044, 'busquedaRubros', '13:33:18', '2013-11-25'),
(1045, 'resultadoRubro: Bancos', '13:33:21', '2013-11-25'),
(1046, 'inicio', '13:35:54', '2013-11-25'),
(1047, 'busquedaTiendas', '13:35:56', '2013-11-25'),
(1048, 'resultadoTienda: todo', '13:35:56', '2013-11-25'),
(1049, 'resultadoTienda: C', '13:35:58', '2013-11-25'),
(1050, 'busquedaRubros', '13:36:00', '2013-11-25'),
(1051, 'resultadoRubro: Bancos', '13:36:03', '2013-11-25'),
(1052, 'inicio', '13:39:26', '2013-11-25'),
(1053, 'busquedaTiendas', '13:39:27', '2013-11-25'),
(1054, 'resultadoTienda: todo', '13:39:28', '2013-11-25'),
(1055, 'busquedaRubros', '13:39:29', '2013-11-25'),
(1056, 'resultadoRubro: Bancos', '13:39:32', '2013-11-25'),
(1057, 'protector', '13:40:41', '2013-11-25'),
(1058, 'inicio', '13:40:42', '2013-11-25'),
(1059, 'como-usar', '13:40:48', '2013-11-25'),
(1060, 'protector', '13:40:49', '2013-11-25'),
(1061, 'inicio', '13:40:50', '2013-11-25'),
(1062, 'inicio', '13:45:51', '2013-11-25'),
(1063, 'protector', '13:51:55', '2013-11-25'),
(1064, 'inicio', '14:14:19', '2013-11-25'),
(1065, 'protector', '14:20:26', '2013-11-25'),
(1066, 'inicio', '15:13:56', '2013-11-25'),
(1067, 'protector', '15:19:57', '2013-11-25'),
(1068, 'inicio', '17:51:45', '2013-11-25'),
(1069, 'inicio', '17:51:45', '2013-11-25'),
(1070, 'inicio', '17:57:11', '2013-11-25'),
(1071, 'inicio', '17:57:12', '2013-11-25'),
(1072, 'inicio', '17:57:23', '2013-11-25'),
(1073, 'protector', '17:57:28', '2013-11-25'),
(1074, 'inicio', '17:57:29', '2013-11-25'),
(1075, 'inicio', '17:57:32', '2013-11-25'),
(1076, 'inicio', '17:58:04', '2013-11-25'),
(1077, 'inicio', '13:20:28', '2013-11-26'),
(1078, 'inicio', '13:20:30', '2013-11-26'),
(1079, 'protector', '13:20:46', '2013-11-26'),
(1080, 'inicio', '13:20:47', '2013-11-26'),
(1081, 'inicio', '13:20:48', '2013-11-26'),
(1082, 'inicio', '13:24:06', '2013-11-26'),
(1083, 'inicio', '13:24:12', '2013-11-26'),
(1084, 'protector', '13:24:17', '2013-11-26'),
(1085, 'inicio', '13:24:18', '2013-11-26'),
(1086, 'inicio', '13:24:22', '2013-11-26'),
(1087, 'protector', '13:24:34', '2013-11-26'),
(1088, 'inicio', '13:24:36', '2013-11-26'),
(1089, 'inicio', '13:28:08', '2013-11-26'),
(1090, 'inicio', '13:29:59', '2013-11-26'),
(1091, 'como-usar', '13:30:07', '2013-11-26'),
(1092, 'protector', '13:30:08', '2013-11-26'),
(1093, 'inicio', '13:30:09', '2013-11-26'),
(1094, 'inicio', '13:31:56', '2013-11-26'),
(1095, 'inicio', '13:32:00', '2013-11-26'),
(1096, 'protector', '13:32:02', '2013-11-26'),
(1097, 'inicio', '13:32:03', '2013-11-26'),
(1098, 'inicio', '13:33:05', '2013-11-26'),
(1099, 'inicio', '13:33:09', '2013-11-26'),
(1100, 'protector', '13:33:10', '2013-11-26'),
(1101, 'inicio', '13:33:11', '2013-11-26'),
(1102, 'inicio', '13:34:59', '2013-11-26'),
(1103, 'inicio', '13:36:47', '2013-11-26'),
(1104, 'inicio', '13:39:15', '2013-11-26'),
(1105, 'protector', '13:39:23', '2013-11-26'),
(1106, 'inicio', '13:39:25', '2013-11-26'),
(1107, 'inicio', '13:39:26', '2013-11-26'),
(1108, 'protector', '13:39:28', '2013-11-26'),
(1109, 'inicio', '13:39:29', '2013-11-26'),
(1110, 'protector', '13:46:25', '2013-11-26'),
(1111, 'inicio', '14:38:35', '2013-11-26'),
(1112, 'como-usar', '14:38:38', '2013-11-26'),
(1113, 'protector', '14:38:40', '2013-11-26'),
(1114, 'inicio', '14:38:41', '2013-11-26'),
(1115, 'inicio', '14:46:29', '2013-11-26'),
(1116, 'inicio', '14:46:32', '2013-11-26'),
(1117, 'protector', '14:46:51', '2013-11-26');
INSERT INTO `estadisticasglobal` (`idestadisticasGlobales`, `nombre`, `hora`, `fecha`) VALUES
(1118, 'inicio', '14:46:52', '2013-11-26'),
(1119, 'protector', '14:53:54', '2013-11-26'),
(1120, 'inicio', '14:54:04', '2013-11-26'),
(1121, 'inicio', '14:54:05', '2013-11-26'),
(1122, 'protector', '14:54:15', '2013-11-26'),
(1123, 'inicio', '14:54:16', '2013-11-26'),
(1124, 'inicio', '14:54:19', '2013-11-26'),
(1125, 'protector', '15:01:27', '2013-11-26'),
(1126, 'inicio', '15:03:49', '2013-11-26'),
(1127, 'cine', '15:03:59', '2013-11-26'),
(1128, 'inicio', '15:10:09', '2013-11-26'),
(1129, 'protector', '15:10:10', '2013-11-26'),
(1130, 'inicio', '15:10:11', '2013-11-26'),
(1131, 'inicio', '15:14:54', '2013-11-26'),
(1132, 'protector', '15:16:16', '2013-11-26'),
(1133, 'inicio', '15:16:17', '2013-11-26'),
(1134, 'como-usar', '15:16:19', '2013-11-26'),
(1135, 'protector', '15:20:12', '2013-11-26'),
(1136, 'inicio', '15:20:13', '2013-11-26'),
(1137, 'inicio', '15:20:14', '2013-11-26'),
(1138, 'protector', '15:26:58', '2013-11-26'),
(1139, 'inicio', '15:33:03', '2013-11-26'),
(1140, 'protector', '15:33:57', '2013-11-26'),
(1141, 'inicio', '15:33:59', '2013-11-26'),
(1142, 'protector', '15:39:16', '2013-11-26'),
(1143, 'inicio', '15:42:06', '2013-11-26');

-- --------------------------------------------------------

--
-- Table structure for table `estadisticaspagina`
--

CREATE TABLE IF NOT EXISTS `estadisticaspagina` (
  `idestadisticasPagina` int(11) NOT NULL AUTO_INCREMENT,
  `nomPagina` varchar(45) DEFAULT NULL COMMENT 'nombre de la pagina',
  `contadorVisitas` int(11) DEFAULT '0' COMMENT 'cantidad de veces que se ha abierto la pagina',
  `fechaVisita` date DEFAULT NULL COMMENT 'cuando se accedio a la pagina',
  PRIMARY KEY (`idestadisticasPagina`)
) ENGINE=InnoDB  DEFAULT CHARSET=latin1 COMMENT='estadisticas de visitas por pagina' AUTO_INCREMENT=15 ;

--
-- Dumping data for table `estadisticaspagina`
--

INSERT INTO `estadisticaspagina` (`idestadisticasPagina`, `nomPagina`, `contadorVisitas`, `fechaVisita`) VALUES
(1, 'eventos', 1, '2013-08-07'),
(2, 'servicios-mapa-nivel01', 1, '2013-08-12'),
(3, 'eventos', 9, '2013-08-29'),
(4, 'servicios-mapa-nivel01', 1, '2013-08-29'),
(5, 'servicios-mapa-nivel01', 17, '2013-09-25'),
(6, 'eventos', 1, '2013-09-25'),
(7, 'eventos', 1, '2013-10-07'),
(8, 'servicios-mapa-nivel01', 2, '2013-10-07'),
(9, 'eventos', 2, '2013-11-21'),
(10, 'servicios-mapa-nivel01', 6, '2013-11-21'),
(11, 'servicios-mapa-nivel01', 1, '2013-11-22'),
(12, 'servicios-mapa-nivel01', 4, '2013-11-25'),
(13, 'servicios-mapa-nivel01', 11, '2013-11-26'),
(14, 'eventos', 2, '2013-11-26');

-- --------------------------------------------------------

--
-- Table structure for table `estadisticastienda`
--

CREATE TABLE IF NOT EXISTS `estadisticastienda` (
  `idestadisticasTienda` int(11) NOT NULL AUTO_INCREMENT,
  `nomTienda` varchar(45) DEFAULT NULL COMMENT 'nombre de la tienda',
  `contadorVisitas` int(11) DEFAULT '0' COMMENT 'cantidad de visitas',
  `fechaVisita` date DEFAULT NULL COMMENT 'cuando se visito',
  PRIMARY KEY (`idestadisticasTienda`)
) ENGINE=InnoDB DEFAULT CHARSET=latin1 AUTO_INCREMENT=1 ;

-- --------------------------------------------------------

--
-- Table structure for table `login`
--

CREATE TABLE IF NOT EXISTS `login` (
  `idlogin` int(11) NOT NULL AUTO_INCREMENT,
  `user` varchar(45) DEFAULT NULL,
  `pass` varchar(45) DEFAULT NULL,
  PRIMARY KEY (`idlogin`)
) ENGINE=InnoDB DEFAULT CHARSET=latin1 AUTO_INCREMENT=1 ;

-- --------------------------------------------------------

--
-- Table structure for table `logs`
--

CREATE TABLE IF NOT EXISTS `logs` (
  `idlogs` int(11) NOT NULL AUTO_INCREMENT,
  `logscol` varchar(45) DEFAULT NULL,
  PRIMARY KEY (`idlogs`)
) ENGINE=InnoDB DEFAULT CHARSET=latin1 AUTO_INCREMENT=1 ;

-- --------------------------------------------------------

--
-- Table structure for table `marca`
--

CREATE TABLE IF NOT EXISTS `marca` (
  `idmarca` int(11) NOT NULL AUTO_INCREMENT,
  `nombre` varchar(45) DEFAULT NULL,
  PRIMARY KEY (`idmarca`)
) ENGINE=InnoDB DEFAULT CHARSET=latin1 AUTO_INCREMENT=1 ;

-- --------------------------------------------------------

--
-- Table structure for table `mensaje`
--

CREATE TABLE IF NOT EXISTS `mensaje` (
  `idMensaje` int(11) NOT NULL AUTO_INCREMENT,
  `nombreUsuario` varchar(100) DEFAULT NULL,
  `mailUsuario` varchar(100) DEFAULT NULL,
  `fonoContacto` varchar(100) DEFAULT NULL,
  `mensaje` text,
  `idSubMotivo` int(11) DEFAULT NULL,
  PRIMARY KEY (`idMensaje`),
  KEY `fk_mensaje_subMotivo` (`idSubMotivo`)
) ENGINE=InnoDB DEFAULT CHARSET=latin1 AUTO_INCREMENT=1 ;

-- --------------------------------------------------------

--
-- Table structure for table `motivo`
--

CREATE TABLE IF NOT EXISTS `motivo` (
  `idMotivo` int(11) NOT NULL AUTO_INCREMENT,
  `nombreMotivo` varchar(100) DEFAULT NULL,
  `idSubCategoria` int(11) DEFAULT NULL,
  PRIMARY KEY (`idMotivo`),
  KEY `fk_motivo_subCategoria` (`idSubCategoria`)
) ENGINE=InnoDB DEFAULT CHARSET=latin1 AUTO_INCREMENT=1 ;

-- --------------------------------------------------------

--
-- Table structure for table `nodos`
--

CREATE TABLE IF NOT EXISTS `nodos` (
  `idnodo` int(11) NOT NULL AUTO_INCREMENT,
  `idcambiadorPiso` int(11) DEFAULT NULL,
  `ubicacionx` varchar(45) NOT NULL,
  `ubicaciony` varchar(45) NOT NULL,
  `piso` varchar(45) NOT NULL,
  `vecino1` int(11) DEFAULT NULL,
  `vecino2` int(11) DEFAULT NULL,
  `vecino3` int(11) DEFAULT NULL,
  `vecino4` int(11) DEFAULT NULL,
  `coordenadaReal` varchar(45) NOT NULL,
  PRIMARY KEY (`idnodo`),
  KEY `fk_nodos_1` (`idcambiadorPiso`)
) ENGINE=InnoDB  DEFAULT CHARSET=latin1 AUTO_INCREMENT=276 ;

--
-- Dumping data for table `nodos`
--

INSERT INTO `nodos` (`idnodo`, `idcambiadorPiso`, `ubicacionx`, `ubicaciony`, `piso`, `vecino1`, `vecino2`, `vecino3`, `vecino4`, `coordenadaReal`) VALUES
(1, NULL, '0', '0', '1', 0, 0, 0, 0, '61_98'),
(2, NULL, '0', '0', '1', 0, 0, 0, 0, '61_98'),
(3, NULL, '0', '0', '1', 0, 0, 0, 0, '61_98'),
(4, NULL, '0', '0', '1', 0, 0, 0, 0, '61_98'),
(5, NULL, '0', '0', '1', 0, 0, 0, 0, '61_98'),
(6, NULL, '0', '0', '1', 0, 0, 0, 0, '61_98'),
(7, NULL, '0', '0', '1', 0, 0, 0, 0, '41_87'),
(8, NULL, '0', '0', '1', 0, 0, 0, 0, '31_82'),
(9, NULL, '0', '0', '1', 0, 0, 0, 0, '31_79'),
(10, NULL, '0', '0', '1', 0, 0, 0, 0, '32_73'),
(11, NULL, '0', '0', '1', 0, 0, 0, 0, '32_69'),
(12, NULL, '0', '0', '1', 0, 0, 0, 0, '32_65'),
(13, NULL, '0', '0', '1', 0, 0, 0, 0, '32_63'),
(14, NULL, '0', '0', '1', 0, 0, 0, 0, '32_60'),
(15, NULL, '0', '0', '1', 0, 0, 0, 0, '32_57'),
(16, NULL, '0', '0', '1', 0, 0, 0, 0, '20_73'),
(17, NULL, '0', '0', '1', 0, 0, 0, 0, '20_63'),
(18, NULL, '0', '0', '1', 0, 0, 0, 0, '32_54'),
(19, NULL, '0', '0', '1', 0, 0, 0, 0, '32_50'),
(20, NULL, '0', '0', '1', 0, 0, 0, 0, '32_46'),
(21, NULL, '0', '0', '1', 0, 0, 0, 0, '32_42'),
(22, NULL, '0', '0', '1', 0, 0, 0, 0, '32_40'),
(23, NULL, '0', '0', '1', 0, 0, 0, 0, '32_38'),
(24, NULL, '0', '0', '1', 0, 0, 0, 0, '38_71'),
(25, NULL, '0', '0', '1', 0, 0, 0, 0, '38_66'),
(26, NULL, '0', '0', '1', 0, 0, 0, 0, '38_62'),
(27, NULL, '0', '0', '1', 0, 0, 0, 0, '38_57'),
(28, NULL, '0', '0', '1', 0, 0, 0, 0, '38_53'),
(29, NULL, '0', '0', '1', 0, 0, 0, 0, '38_50'),
(30, NULL, '0', '0', '1', 0, 0, 0, 0, '38_42'),
(31, NULL, '0', '0', '1', 0, 0, 0, 0, '99_20'),
(32, NULL, '0', '0', '1', 0, 0, 0, 0, '91_26'),
(33, NULL, '0', '0', '1', 0, 0, 0, 0, '85_26'),
(34, NULL, '0', '0', '1', 0, 0, 0, 0, '79_26'),
(35, NULL, '0', '0', '1', 0, 0, 0, 0, '74_26'),
(36, NULL, '0', '0', '1', 0, 0, 0, 0, '68_26'),
(37, NULL, '0', '0', '1', 0, 0, 0, 0, '62_26'),
(38, NULL, '0', '0', '1', 0, 0, 0, 0, '56_26'),
(39, NULL, '0', '0', '1', 0, 0, 0, 0, '49_28'),
(40, NULL, '0', '0', '1', 0, 0, 0, 0, '41_18'),
(41, NULL, '0', '0', '1', 0, 0, 0, 0, '45_18'),
(42, NULL, '0', '0', '1', 0, 0, 0, 0, '49_18'),
(43, NULL, '0', '0', '1', 0, 0, 0, 0, '55_18'),
(44, NULL, '0', '0', '1', 0, 0, 0, 0, '64_18'),
(45, NULL, '0', '0', '1', 0, 0, 0, 0, '69_18'),
(46, NULL, '0', '0', '1', 0, 0, 0, 0, '73_18'),
(47, NULL, '0', '0', '1', 0, 0, 0, 0, '79_18'),
(48, NULL, '0', '0', '1', 0, 0, 0, 0, '45_32'),
(49, NULL, '0', '0', '1', 0, 0, 0, 0, '41_78'),
(50, NULL, '0', '0', '2', 0, 0, 0, 0, '41_89'),
(51, NULL, '0', '0', '2', 0, 0, 0, 0, '41_85'),
(52, NULL, '0', '0', '2', 0, 0, 0, 0, '41_83'),
(53, NULL, '0', '0', '2', 0, 0, 0, 0, '41_81'),
(54, NULL, '0', '0', '2', 0, 0, 0, 0, '41_79'),
(55, NULL, '0', '0', '2', 0, 0, 0, 0, '30_83'),
(56, NULL, '0', '0', '2', 0, 0, 0, 0, '30_79'),
(57, NULL, '0', '0', '2', 0, 0, 0, 0, '30_77'),
(58, NULL, '0', '0', '2', 0, 0, 0, 0, '30_75'),
(59, NULL, '0', '0', '2', 0, 0, 0, 0, '30_73'),
(60, NULL, '0', '0', '2', 0, 0, 0, 0, '30_69'),
(61, NULL, '0', '0', '2', 0, 0, 0, 0, '30_65'),
(62, NULL, '0', '0', '2', 0, 0, 0, 0, '30_63'),
(63, NULL, '0', '0', '2', 0, 0, 0, 0, '30_61'),
(64, NULL, '0', '0', '2', 0, 0, 0, 0, '30_58'),
(65, NULL, '0', '0', '2', 0, 0, 0, 0, '30_55'),
(66, NULL, '0', '0', '2', 0, 0, 0, 0, '30_53'),
(67, NULL, '0', '0', '2', 0, 0, 0, 0, '30_50'),
(68, NULL, '0', '0', '2', 0, 0, 0, 0, '30_48'),
(69, NULL, '0', '0', '2', 0, 0, 0, 0, '30_46'),
(70, NULL, '0', '0', '2', 0, 0, 0, 0, '30_42'),
(71, NULL, '0', '0', '2', 0, 0, 0, 0, '39_69'),
(72, NULL, '0', '0', '2', 0, 0, 0, 0, '38_66'),
(73, NULL, '0', '0', '2', 0, 0, 0, 0, '38_62'),
(74, NULL, '0', '0', '2', 0, 0, 0, 0, '38_59'),
(75, NULL, '0', '0', '2', 0, 0, 0, 0, '38_57'),
(76, NULL, '0', '0', '2', 0, 0, 0, 0, '38_54'),
(77, NULL, '0', '0', '2', 0, 0, 0, 0, '38_52'),
(78, NULL, '0', '0', '2', 0, 0, 0, 0, '38_49'),
(79, NULL, '0', '0', '2', 0, 0, 0, 0, '38_46'),
(80, NULL, '0', '0', '2', 0, 0, 0, 0, '38_42'),
(81, NULL, '0', '0', '2', 0, 0, 0, 0, '38_40'),
(82, NULL, '0', '0', '2', 0, 0, 0, 0, '41_36'),
(83, NULL, '0', '0', '2', 0, 0, 0, 0, '95_21'),
(84, NULL, '0', '0', '2', 0, 0, 0, 0, '83_18'),
(85, NULL, '0', '0', '2', 0, 0, 0, 0, '81_18'),
(86, NULL, '0', '0', '2', 0, 0, 0, 0, '78_18'),
(87, NULL, '0', '0', '2', 0, 0, 0, 0, '76_18'),
(88, NULL, '0', '0', '2', 0, 0, 0, 0, '73_18'),
(89, NULL, '0', '0', '2', 0, 0, 0, 0, '70_18'),
(90, NULL, '0', '0', '2', 0, 0, 0, 0, '68_18'),
(91, NULL, '0', '0', '2', 0, 0, 0, 0, '66_18'),
(92, NULL, '0', '0', '2', 0, 0, 0, 0, '64_18'),
(93, NULL, '0', '0', '2', 0, 0, 0, 0, '62_18'),
(94, NULL, '0', '0', '2', 0, 0, 0, 0, '60_18'),
(95, NULL, '0', '0', '2', 0, 0, 0, 0, '58_18'),
(96, NULL, '0', '0', '2', 0, 0, 0, 0, '56_18'),
(97, NULL, '0', '0', '2', 0, 0, 0, 0, '54_18'),
(98, NULL, '0', '0', '2', 0, 0, 0, 0, '52_18'),
(99, NULL, '0', '0', '2', 0, 0, 0, 0, '48_18'),
(100, NULL, '0', '0', '2', 0, 0, 0, 0, '45_18'),
(101, NULL, '0', '0', '2', 0, 0, 0, 0, '41_18'),
(102, NULL, '0', '0', '2', 0, 0, 0, 0, '74_26'),
(103, NULL, '0', '0', '2', 0, 0, 0, 0, '70_26'),
(104, NULL, '0', '0', '2', 0, 0, 0, 0, '66_26'),
(105, NULL, '0', '0', '2', 0, 0, 0, 0, '56_26'),
(106, NULL, '0', '0', '2', 0, 0, 0, 0, '53_26'),
(107, NULL, '0', '0', '2', 0, 0, 0, 0, '48_29'),
(108, NULL, '0', '0', '2', 0, 0, 0, 0, '41_74'),
(109, NULL, '0', '0', '2', 0, 0, 0, 0, '61_26'),
(110, NULL, '0', '0', '3', 0, 0, 0, 0, '40_89'),
(111, NULL, '0', '0', '3', 0, 0, 0, 0, '40_87'),
(112, NULL, '0', '0', '3', 0, 0, 0, 0, '40_82'),
(113, NULL, '0', '0', '3', 0, 0, 0, 0, '40_79'),
(114, NULL, '0', '0', '3', 0, 0, 0, 0, '30_82'),
(115, NULL, '0', '0', '3', 0, 0, 0, 0, '30_78'),
(116, NULL, '0', '0', '3', 0, 0, 0, 0, '30_75'),
(117, NULL, '0', '0', '3', 0, 0, 0, 0, '30_71'),
(118, NULL, '0', '0', '3', 0, 0, 0, 0, '30_67'),
(119, NULL, '0', '0', '3', 0, 0, 0, 0, '30_65'),
(120, NULL, '0', '0', '3', 0, 0, 0, 0, '30_62'),
(121, NULL, '0', '0', '3', 0, 0, 0, 0, '30_58'),
(122, NULL, '0', '0', '3', 0, 0, 0, 0, '30_53'),
(123, NULL, '0', '0', '3', 0, 0, 0, 0, '30_50'),
(124, NULL, '0', '0', '3', 0, 0, 0, 0, '30_48'),
(125, NULL, '0', '0', '3', 0, 0, 0, 0, '30_45'),
(126, NULL, '0', '0', '3', 0, 0, 0, 0, '30_41'),
(127, NULL, '0', '0', '3', 0, 0, 0, 0, '39_69'),
(128, NULL, '0', '0', '3', 0, 0, 0, 0, '38_65'),
(129, NULL, '0', '0', '3', 0, 0, 0, 0, '38_63'),
(130, NULL, '0', '0', '3', 0, 0, 0, 0, '38_59'),
(131, NULL, '0', '0', '3', 0, 0, 0, 0, '38_54'),
(132, NULL, '0', '0', '3', 0, 0, 0, 0, '38_48'),
(133, NULL, '0', '0', '3', 0, 0, 0, 0, '41_36'),
(134, NULL, '0', '0', '3', 0, 0, 0, 0, '47_30'),
(135, NULL, '0', '0', '3', 0, 0, 0, 0, '54_26'),
(136, NULL, '0', '0', '3', 0, 0, 0, 0, '68_26'),
(137, NULL, '0', '0', '3', 0, 0, 0, 0, '73_26'),
(138, NULL, '0', '0', '3', 0, 0, 0, 0, '78_26'),
(139, NULL, '0', '0', '3', 0, 0, 0, 0, '93_32'),
(140, NULL, '0', '0', '3', 0, 0, 0, 0, '101_32'),
(141, NULL, '0', '0', '3', 0, 0, 0, 0, '103_30'),
(142, NULL, '0', '0', '3', 0, 0, 0, 0, '103_24'),
(143, NULL, '0', '0', '3', 0, 0, 0, 0, '103_19'),
(144, NULL, '0', '0', '3', 0, 0, 0, 0, '81_18'),
(145, NULL, '0', '0', '3', 0, 0, 0, 0, '77_18'),
(146, NULL, '0', '0', '3', 0, 0, 0, 0, '73_18'),
(147, NULL, '0', '0', '3', 0, 0, 0, 0, '69_18'),
(148, NULL, '0', '0', '3', 0, 0, 0, 0, '65_18'),
(149, NULL, '0', '0', '3', 0, 0, 0, 0, '61_18'),
(150, NULL, '0', '0', '3', 0, 0, 0, 0, '57_18'),
(151, NULL, '0', '0', '3', 0, 0, 0, 0, '53_18'),
(152, NULL, '0', '0', '3', 0, 0, 0, 0, '46_18'),
(153, NULL, '0', '0', '3', 0, 0, 0, 0, '41_18'),
(154, NULL, '0', '0', '3', 0, 0, 0, 0, '40_75'),
(155, NULL, '0', '0', '3', 0, 0, 0, 0, '62_33'),
(156, NULL, '0', '0', '4', 0, 0, 0, 0, '41_84'),
(157, NULL, '0', '0', '4', 0, 0, 0, 0, '40_72'),
(158, NULL, '0', '0', '4', 0, 0, 0, 0, '40_63'),
(159, NULL, '0', '0', '4', 0, 0, 0, 0, '40_55'),
(160, NULL, '0', '0', '4', 0, 0, 0, 0, '40_45'),
(161, NULL, '0', '0', '4', 0, 0, 0, 0, '30_81'),
(162, NULL, '0', '0', '4', 0, 0, 0, 0, '27_68'),
(163, NULL, '0', '0', '4', 0, 0, 0, 0, '27_52'),
(164, NULL, '0', '0', '4', 0, 0, 0, 0, '30_41'),
(165, NULL, '0', '0', '4', 0, 0, 0, 0, '60_30'),
(166, NULL, '0', '0', '4', 0, 0, 0, 0, '67_30'),
(167, NULL, '0', '0', '4', 0, 0, 0, 0, '73_28'),
(168, NULL, '0', '0', '4', 0, 0, 0, 0, '76_28'),
(169, NULL, '0', '0', '4', 0, 0, 0, 0, '79_28'),
(170, NULL, '0', '0', '4', 0, 0, 0, 0, '89_28'),
(171, NULL, '0', '0', '4', 0, 0, 0, 0, '92_28'),
(172, NULL, '0', '0', '4', 0, 0, 0, 0, '99_28'),
(173, NULL, '0', '0', '4', 0, 0, 0, 0, '102_28'),
(174, NULL, '0', '0', '4', 0, 0, 0, 0, '107_28'),
(175, NULL, '0', '0', '4', 0, 0, 0, 0, '108_25'),
(176, NULL, '0', '0', '4', 0, 0, 0, 0, '111_16'),
(177, NULL, '0', '0', '4', 0, 0, 0, 0, '107_16'),
(178, NULL, '0', '0', '4', 0, 0, 0, 0, '104_16'),
(179, NULL, '0', '0', '4', 0, 0, 0, 0, '100_15'),
(180, NULL, '0', '0', '4', 0, 0, 0, 0, '78_17'),
(181, NULL, '0', '0', '4', 0, 0, 0, 0, '74_17'),
(182, NULL, '0', '0', '4', 0, 0, 0, 0, '68_18'),
(183, NULL, '0', '0', '4', 0, 0, 0, 0, '62_18'),
(184, NULL, '0', '0', '4', 0, 0, 0, 0, '56_18'),
(185, NULL, '0', '0', '4', 0, 0, 0, 0, '47_18'),
(186, NULL, '0', '0', '4', 0, 0, 0, 0, '40_19'),
(187, NULL, '0', '0', '4', 0, 0, 0, 0, '41_27'),
(188, NULL, '0', '0', '4', 0, 0, 0, 0, '79_24'),
(189, NULL, '0', '0', '4', 0, 0, 0, 0, '90_23'),
(190, NULL, '0', '0', '4', 0, 0, 0, 0, '102_24'),
(191, NULL, '0', '0', '4', 0, 0, 0, 0, '51_36'),
(192, NULL, '0', '0', '-1', 0, 0, 0, 0, '45_91'),
(193, NULL, '0', '0', '-1', 0, 0, 0, 0, '29_82'),
(194, NULL, '0', '0', '-1', 0, 0, 0, 0, '27_80'),
(195, NULL, '0', '0', '-1', 0, 0, 0, 0, '27_77'),
(196, NULL, '0', '0', '-1', 0, 0, 0, 0, '27_75'),
(197, NULL, '0', '0', '-1', 0, 0, 0, 0, '27_73'),
(198, NULL, '0', '0', '-1', 0, 0, 0, 0, '27_71'),
(199, NULL, '0', '0', '-1', 0, 0, 0, 0, '27_69'),
(200, NULL, '0', '0', '-1', 0, 0, 0, 0, '27_63'),
(201, NULL, '0', '0', '-1', 0, 0, 0, 0, '27_61'),
(202, NULL, '0', '0', '-1', 0, 0, 0, 0, '27_59'),
(203, NULL, '0', '0', '-1', 0, 0, 0, 0, '27_57'),
(204, NULL, '0', '0', '-1', 0, 0, 0, 0, '28_53'),
(205, NULL, '0', '0', '-1', 0, 0, 0, 0, '30_50'),
(206, NULL, '0', '0', '-1', 0, 0, 0, 0, '32_45'),
(207, NULL, '0', '0', '-1', 0, 0, 0, 0, '32_41'),
(208, NULL, '0', '0', '-1', 0, 0, 0, 0, '33_37'),
(209, NULL, '0', '0', '-1', 0, 0, 0, 0, '38_41'),
(210, NULL, '0', '0', '-1', 0, 0, 0, 0, '41_36'),
(211, NULL, '0', '0', '-1', 0, 0, 0, 0, '46_30'),
(212, NULL, '0', '0', '-1', 0, 0, 0, 0, '53_24'),
(213, NULL, '0', '0', '-1', 0, 0, 0, 0, '60_23'),
(214, NULL, '0', '0', '-1', 0, 0, 0, 0, '70_24'),
(215, NULL, '0', '0', '-1', 0, 0, 0, 0, '75_19'),
(216, NULL, '0', '0', '-1', 0, 0, 0, 0, '69_19'),
(217, NULL, '0', '0', '-1', 0, 0, 0, 0, '65_20'),
(218, NULL, '0', '0', '-1', 0, 0, 0, 0, '61_21'),
(219, NULL, '0', '0', '-1', 0, 0, 0, 0, '57_22'),
(220, NULL, '0', '0', '-1', 0, 0, 0, 0, '51_22'),
(221, NULL, '0', '0', '-1', 0, 0, 0, 0, '44_22'),
(222, NULL, '0', '0', '-1', 0, 0, 0, 0, '38_22'),
(223, NULL, '0', '0', '-1', 0, 0, 0, 0, '36_62'),
(224, NULL, '0', '0', '-1', 0, 0, 0, 0, '29_80'),
(225, NULL, '0', '0', '-1', 0, 0, 0, 0, '33_80'),
(226, NULL, '0', '0', '-1', 0, 0, 0, 0, '29_76'),
(227, NULL, '0', '0', '-1', 0, 0, 0, 0, '33_76'),
(228, NULL, '0', '0', '-1', 0, 0, 0, 0, '29_68'),
(229, NULL, '0', '0', '-1', 0, 0, 0, 0, '33_68'),
(230, NULL, '0', '0', '-1', 0, 0, 0, 0, '29_64'),
(231, NULL, '0', '0', '-1', 0, 0, 0, 0, '33_64'),
(232, NULL, '0', '0', '-1', 0, 0, 0, 0, '29_60'),
(233, NULL, '0', '0', '-1', 0, 0, 0, 0, '33_60'),
(234, NULL, '0', '0', '-1', 0, 0, 0, 0, '31_55'),
(235, NULL, '0', '0', '-1', 0, 0, 0, 0, '34_55'),
(236, NULL, '0', '0', '-1', 0, 0, 0, 0, '34_51'),
(237, NULL, '0', '0', '-1', 0, 0, 0, 0, '35_48'),
(238, NULL, '0', '0', '-1', 0, 0, 0, 0, '35_45'),
(239, NULL, '0', '0', '-1', 0, 0, 0, 0, '35_41'),
(240, NULL, '0', '0', '1', 0, 0, 0, 0, '33_81'),
(241, 1, '0', '0', '1', 0, 0, 0, 0, '37_88'),
(242, 2, '0', '0', '1', 0, 0, 0, 0, '37_32'),
(243, 3, '0', '0', '1', 0, 0, 0, 0, '87_16'),
(244, 4, '0', '0', '2', 0, 0, 0, 0, '37_88'),
(245, 5, '0', '0', '2', 0, 0, 0, 0, '37_32'),
(246, 6, '0', '0', '2', 0, 0, 0, 0, '87_16'),
(247, 7, '0', '0', '3', 0, 0, 0, 0, '37_88'),
(248, 8, '0', '0', '3', 0, 0, 0, 0, '37_32'),
(249, 9, '0', '0', '3', 0, 0, 0, 0, '87_16'),
(250, 10, '0', '0', '4', 0, 0, 0, 0, '37_88'),
(251, 11, '0', '0', '4', 0, 0, 0, 0, '37_32'),
(252, 12, '0', '0', '4', 0, 0, 0, 0, '87_16'),
(253, 13, '0', '0', '-1', 0, 0, 0, 0, '37_88'),
(254, 14, '0', '0', '-1', 0, 0, 0, 0, '37_32'),
(255, 15, '0', '0', '-1', 0, 0, 0, 0, '87_16'),
(256, NULL, '0', '0', '1', 0, 0, 0, 0, '36_36'),
(257, NULL, '0', '0', '1', 0, 0, 0, 0, '89_19'),
(258, NULL, '0', '0', '1', 0, 0, 0, 0, '61_18'),
(259, NULL, '0', '0', '1', 0, 0, 0, 0, '62_21'),
(260, NULL, '0', '0', '1', 0, 0, 0, 0, '62_23'),
(261, NULL, '0', '0', '1', 0, 0, 0, 0, '78_21'),
(262, NULL, '0', '0', '1', 0, 0, 0, 0, '78_23'),
(263, NULL, '0', '0', '2', 0, 0, 0, 0, '91_20'),
(264, NULL, '0', '0', '3', 0, 0, 0, 0, '34_81'),
(265, NULL, '0', '0', '3', 0, 0, 0, 0, '35_35'),
(266, NULL, '0', '0', '3', 0, 0, 0, 0, '45_18'),
(267, NULL, '0', '0', '3', 0, 0, 0, 0, '92_22'),
(268, NULL, '0', '0', '3', 0, 0, 0, 0, '96_23'),
(269, NULL, '0', '0', '3', 0, 0, 0, 0, '98_26'),
(270, NULL, '0', '0', '-1', 0, 0, 0, 0, '65_24'),
(271, NULL, '0', '0', '1', 0, 0, 0, 0, '35_55'),
(272, NULL, '0', '0', '1', 0, 0, 0, 0, '35_60'),
(273, NULL, '0', '0', '1', 0, 0, 0, 0, '33_35'),
(274, NULL, '0', '0', '2', 0, 0, 0, 0, '33_35'),
(275, NULL, '0', '0', '2', 0, 0, 0, 0, '95_20');

-- --------------------------------------------------------

--
-- Table structure for table `oferta`
--

CREATE TABLE IF NOT EXISTS `oferta` (
  `idoferta` int(11) NOT NULL AUTO_INCREMENT,
  `nombre` varchar(45) DEFAULT NULL,
  `oferta` text,
  `stock` int(11) DEFAULT NULL,
  `idtienda` int(11) DEFAULT NULL,
  PRIMARY KEY (`idoferta`),
  KEY `fk_of_idtienda` (`idtienda`)
) ENGINE=InnoDB DEFAULT CHARSET=latin1 AUTO_INCREMENT=1 ;

-- --------------------------------------------------------

--
-- Table structure for table `perfilusuario`
--

CREATE TABLE IF NOT EXISTS `perfilusuario` (
  `idPerfilUsuario` int(11) NOT NULL AUTO_INCREMENT COMMENT 'identificador',
  `id_usuario` int(11) NOT NULL COMMENT 'id del usuario para vincular registro',
  `modulo` varchar(30) NOT NULL COMMENT 'nombre de funcionalidad o modulo',
  `credencial` tinyint(4) NOT NULL COMMENT 'estado, denegado o autorizado',
  PRIMARY KEY (`idPerfilUsuario`),
  UNIQUE KEY `id_usuario` (`id_usuario`,`modulo`),
  KEY `fk_perfilUsuario_usuario1` (`id_usuario`)
) ENGINE=MyISAM DEFAULT CHARSET=latin1 AUTO_INCREMENT=1 ;

-- --------------------------------------------------------

--
-- Table structure for table `posareanegocio`
--

CREATE TABLE IF NOT EXISTS `posareanegocio` (
  `idposAreaNegocio` int(11) NOT NULL AUTO_INCREMENT,
  `idareaNegocio` int(11) DEFAULT NULL,
  `idnodo` int(11) DEFAULT NULL,
  PRIMARY KEY (`idposAreaNegocio`)
) ENGINE=InnoDB DEFAULT CHARSET=latin1 AUTO_INCREMENT=1 ;

-- --------------------------------------------------------

--
-- Table structure for table `producto`
--

CREATE TABLE IF NOT EXISTS `producto` (
  `idproducto` int(11) NOT NULL AUTO_INCREMENT,
  `nombre` varchar(45) DEFAULT NULL,
  `genero` varchar(45) DEFAULT NULL,
  `tipo` varchar(45) DEFAULT NULL,
  PRIMARY KEY (`idproducto`)
) ENGINE=InnoDB DEFAULT CHARSET=latin1 AUTO_INCREMENT=1 ;

-- --------------------------------------------------------

--
-- Table structure for table `promocion`
--

CREATE TABLE IF NOT EXISTS `promocion` (
  `idpromocion` int(11) NOT NULL AUTO_INCREMENT,
  `nombre` varchar(45) DEFAULT NULL,
  `detalle` text,
  `fechaInicio` timestamp NULL DEFAULT NULL,
  `fechaTermino` timestamp NULL DEFAULT NULL,
  `idtienda` int(11) DEFAULT NULL,
  PRIMARY KEY (`idpromocion`),
  KEY `idtienda` (`idtienda`)
) ENGINE=InnoDB DEFAULT CHARSET=latin1 AUTO_INCREMENT=1 ;

-- --------------------------------------------------------

--
-- Table structure for table `propiedadestienda`
--

CREATE TABLE IF NOT EXISTS `propiedadestienda` (
  `idpropiedadesTienda` int(11) NOT NULL AUTO_INCREMENT,
  `idtienda` int(11) DEFAULT NULL,
  `idnodo` int(11) DEFAULT NULL,
  `modulo` varchar(45) DEFAULT NULL,
  PRIMARY KEY (`idpropiedadesTienda`),
  KEY `fk_propiedadesTienda_1` (`idtienda`),
  KEY `fk_propiedadesTienda_2` (`idnodo`)
) ENGINE=InnoDB  DEFAULT CHARSET=latin1 AUTO_INCREMENT=258 ;

--
-- Dumping data for table `propiedadestienda`
--

INSERT INTO `propiedadestienda` (`idpropiedadesTienda`, `idtienda`, `idnodo`, `modulo`) VALUES
(1, 1, 1, NULL),
(2, 2, 2, NULL),
(3, 3, 3, NULL),
(4, 4, 4, NULL),
(5, 5, 5, NULL),
(6, 6, 6, NULL),
(7, 7, 7, NULL),
(8, 8, 8, NULL),
(9, 9, 9, NULL),
(10, 10, 10, NULL),
(11, 11, 11, NULL),
(12, 12, 12, NULL),
(13, 13, 13, NULL),
(14, 14, 14, NULL),
(15, 15, 15, NULL),
(16, 16, 16, NULL),
(17, 17, 17, NULL),
(18, 18, 18, NULL),
(19, 19, 19, NULL),
(20, 20, 20, NULL),
(21, 21, 21, NULL),
(22, 22, 22, NULL),
(23, 23, 23, NULL),
(24, 24, 24, NULL),
(25, 25, 25, NULL),
(26, 26, 26, NULL),
(27, 27, 27, NULL),
(28, 28, 28, NULL),
(29, 29, 29, NULL),
(30, 30, 30, NULL),
(31, 31, 31, NULL),
(32, 32, 32, NULL),
(33, 33, 33, NULL),
(34, 34, 34, NULL),
(35, 35, 35, NULL),
(36, 36, 36, NULL),
(37, 37, 37, NULL),
(38, 38, 38, NULL),
(39, 39, 39, NULL),
(40, 40, 40, NULL),
(41, 41, 41, NULL),
(42, 42, 42, NULL),
(43, 43, 43, NULL),
(44, 44, 44, NULL),
(45, 45, 45, NULL),
(46, 46, 46, NULL),
(47, 47, 47, NULL),
(48, 48, 48, NULL),
(49, 49, 49, NULL),
(50, 50, 50, NULL),
(51, 51, 51, NULL),
(52, 52, 52, NULL),
(53, 53, 53, NULL),
(54, 54, 54, NULL),
(55, 55, 55, NULL),
(56, 56, 56, NULL),
(57, 57, 57, NULL),
(58, 58, 58, NULL),
(59, 59, 59, NULL),
(60, 60, 60, NULL),
(61, 61, 61, NULL),
(62, 62, 62, NULL),
(63, 63, 63, NULL),
(64, 64, 64, NULL),
(65, 65, 65, NULL),
(66, 66, 66, NULL),
(67, 67, 67, NULL),
(68, 68, 68, NULL),
(69, 69, 69, NULL),
(70, 70, 70, NULL),
(71, 71, 71, NULL),
(72, 72, 72, NULL),
(73, 73, 73, NULL),
(74, 74, 74, NULL),
(75, 75, 75, NULL),
(76, 76, 76, NULL),
(77, 77, 77, NULL),
(78, 78, 78, NULL),
(79, 79, 79, NULL),
(80, 80, 80, NULL),
(81, 81, 81, NULL),
(82, 82, 82, NULL),
(83, 83, 83, NULL),
(84, 84, 84, NULL),
(85, 85, 85, NULL),
(86, 86, 86, NULL),
(87, 87, 87, NULL),
(88, 88, 88, NULL),
(89, 89, 89, NULL),
(90, 90, 90, NULL),
(91, 91, 91, NULL),
(92, 92, 92, NULL),
(93, 93, 93, NULL),
(94, 94, 94, NULL),
(95, 95, 95, NULL),
(96, 96, 96, NULL),
(97, 97, 97, NULL),
(98, 98, 98, NULL),
(99, 99, 99, NULL),
(100, 100, 100, NULL),
(101, 101, 101, NULL),
(102, 102, 102, NULL),
(103, 103, 103, NULL),
(104, 104, 104, NULL),
(105, 105, 105, NULL),
(106, 106, 106, NULL),
(107, 107, 107, NULL),
(108, 108, 108, NULL),
(109, 109, 109, NULL),
(110, 110, 110, NULL),
(111, 111, 111, NULL),
(112, 112, 112, NULL),
(113, 113, 113, NULL),
(114, 114, 114, NULL),
(115, 115, 115, NULL),
(116, 116, 116, NULL),
(117, 117, 117, NULL),
(118, 118, 118, NULL),
(119, 119, 119, NULL),
(120, 120, 120, NULL),
(121, 121, 121, NULL),
(122, 122, 122, NULL),
(123, 123, 123, NULL),
(124, 124, 124, NULL),
(125, 125, 125, NULL),
(126, 126, 126, NULL),
(127, 127, 127, NULL),
(128, 128, 128, NULL),
(129, 129, 129, NULL),
(130, 130, 130, NULL),
(131, 131, 131, NULL),
(132, 132, 132, NULL),
(133, 133, 133, NULL),
(134, 134, 134, NULL),
(135, 135, 135, NULL),
(136, 136, 136, NULL),
(137, 137, 137, NULL),
(138, 138, 138, NULL),
(139, 139, 139, NULL),
(140, 140, 140, NULL),
(141, 141, 141, NULL),
(142, 142, 142, NULL),
(143, 143, 143, NULL),
(144, 144, 144, NULL),
(145, 145, 145, NULL),
(146, 146, 146, NULL),
(147, 147, 147, NULL),
(148, 148, 148, NULL),
(149, 149, 149, NULL),
(150, 150, 150, NULL),
(151, 151, 151, NULL),
(152, 152, 152, NULL),
(153, 153, 153, NULL),
(154, 154, 154, NULL),
(155, 155, 155, NULL),
(156, 156, 156, NULL),
(157, 157, 157, NULL),
(158, 158, 158, NULL),
(159, 159, 159, NULL),
(160, 160, 160, NULL),
(161, 161, 161, NULL),
(162, 162, 162, NULL),
(163, 163, 163, NULL),
(164, 164, 164, NULL),
(165, 165, 165, NULL),
(166, 166, 166, NULL),
(167, 167, 167, NULL),
(168, 168, 168, NULL),
(169, 169, 169, NULL),
(170, 170, 170, NULL),
(171, 171, 171, NULL),
(172, 172, 172, NULL),
(173, 173, 173, NULL),
(174, 174, 174, NULL),
(175, 175, 175, NULL),
(176, 176, 176, NULL),
(177, 177, 177, NULL),
(178, 178, 178, NULL),
(179, 179, 179, NULL),
(180, 180, 180, NULL),
(181, 181, 181, NULL),
(182, 182, 182, NULL),
(183, 183, 183, NULL),
(184, 184, 184, NULL),
(185, 185, 185, NULL),
(186, 186, 186, NULL),
(187, 187, 187, NULL),
(188, 188, 188, NULL),
(189, 189, 189, NULL),
(190, 190, 190, NULL),
(191, 191, 191, NULL),
(192, 192, 192, NULL),
(193, 193, 193, NULL),
(194, 194, 194, NULL),
(195, 195, 195, NULL),
(196, 196, 196, NULL),
(197, 197, 197, NULL),
(198, 198, 198, NULL),
(199, 199, 199, NULL),
(200, 200, 200, NULL),
(201, 201, 201, NULL),
(202, 202, 202, NULL),
(203, 203, 203, NULL),
(204, 204, 204, NULL),
(205, 205, 205, NULL),
(206, 206, 206, NULL),
(207, 207, 207, NULL),
(208, 208, 208, NULL),
(209, 209, 209, NULL),
(210, 210, 210, NULL),
(211, 211, 211, NULL),
(212, 212, 212, NULL),
(213, 213, 213, NULL),
(214, 214, 214, NULL),
(215, 215, 215, NULL),
(216, 216, 216, NULL),
(217, 217, 217, NULL),
(218, 218, 218, NULL),
(219, 219, 219, NULL),
(220, 220, 220, NULL),
(221, 221, 221, NULL),
(222, 222, 222, NULL),
(223, 223, 223, NULL),
(224, 224, 224, NULL),
(225, 225, 225, NULL),
(226, 226, 226, NULL),
(227, 227, 227, NULL),
(228, 228, 228, NULL),
(229, 229, 229, NULL),
(230, 230, 230, NULL),
(231, 231, 231, NULL),
(232, 232, 232, NULL),
(233, 233, 233, NULL),
(234, 234, 234, NULL),
(235, 235, 235, NULL),
(236, 236, 236, NULL),
(237, 237, 237, NULL),
(238, 238, 238, NULL),
(239, 239, 239, NULL),
(240, 258, 258, NULL),
(241, 259, 259, NULL),
(242, 260, 260, NULL),
(243, 261, 261, NULL),
(244, 262, 262, NULL),
(245, 263, 263, NULL),
(246, 264, 264, NULL),
(247, 265, 265, NULL),
(248, 266, 266, NULL),
(249, 267, 267, NULL),
(250, 268, 268, NULL),
(251, 269, 269, NULL),
(252, 270, 270, NULL),
(253, 271, 271, NULL),
(254, 272, 272, NULL),
(255, 273, 273, NULL),
(256, 274, 274, NULL),
(257, 275, 275, NULL);

-- --------------------------------------------------------

--
-- Table structure for table `reclamos`
--

CREATE TABLE IF NOT EXISTS `reclamos` (
  `idreclamos` int(11) NOT NULL AUTO_INCREMENT,
  `rut` varchar(45) DEFAULT NULL,
  `nombre` varchar(45) DEFAULT NULL,
  `apellidoPaterno` varchar(45) DEFAULT NULL,
  `apellidoMaterno` varchar(45) DEFAULT NULL,
  `empresa` varchar(45) DEFAULT NULL,
  `motivo` varchar(45) DEFAULT NULL,
  `detalle` text,
  PRIMARY KEY (`idreclamos`)
) ENGINE=InnoDB DEFAULT CHARSET=latin1 AUTO_INCREMENT=1 ;

-- --------------------------------------------------------

--
-- Table structure for table `rubro`
--

CREATE TABLE IF NOT EXISTS `rubro` (
  `idrubro` int(11) NOT NULL AUTO_INCREMENT,
  `nombre` varchar(45) DEFAULT NULL,
  `logo` varchar(45) DEFAULT NULL,
  PRIMARY KEY (`idrubro`)
) ENGINE=InnoDB  DEFAULT CHARSET=latin1 AUTO_INCREMENT=28 ;

--
-- Dumping data for table `rubro`
--

INSERT INTO `rubro` (`idrubro`, `nombre`, `logo`) VALUES
(1, 'Auto Plaza', 'autoplaza.jpg'),
(2, 'Computacin y Electrnica', 'computacion.jpg'),
(3, 'Deporte', 'deporte.jpg'),
(4, 'Entretencin y Cultura', 'entretencion.jpg'),
(5, 'Hogar y Regalos', 'hogar.jpg'),
(6, 'Hombre', 'hombre.jpg'),
(7, 'Joyera y Relojeras', 'joyeria.jpg'),
(8, 'Jugueteras', 'jugueteria.jpg'),
(9, 'Las Terrazas', 'terrazas.jpg'),
(10, 'Mujer', 'mujer.jpg'),
(11, 'Msica, Fotografa y Libreras', 'musica.jpg'),
(12, 'Nios', 'ninos.jpg'),
(13, 'pticas, Perfumeras y Farmacias', 'optica.jpg'),
(14, 'Peluquera y Belleza', 'peluqueria.jpg'),
(15, 'Restauranes, Cafeteras y Heladeras', 'restauranes.jpg'),
(16, 'Servicios', 'servicios.jpg'),
(17, 'Tiendas Departamentales', 'departamentales.jpg'),
(18, 'Bancos', 'bancos.jpg'),
(19, 'Bancos y Casas de Cambio', 'bancos.jpg'),
(20, 'Pago de Cuentas', 'pago.jpg'),
(21, 'Servicios Pblicos', 'serviciospublicos.jpg'),
(22, 'Servicios para el Hogar', 'servicioshogar.jpg'),
(23, 'Salud y Belleza', 'saludybelleza.jpg'),
(24, 'Pasajes, Giros y Encomiendas', 'pasajes.jpg'),
(25, 'Educacin', 'educacion.jpg'),
(26, 'Patio de Comidas', 'food.jpg'),
(27, 'Tiendas Menores', 'tiendasmenores.jpg');

-- --------------------------------------------------------

--
-- Table structure for table `subcategoria`
--

CREATE TABLE IF NOT EXISTS `subcategoria` (
  `idSubCategoria` int(11) NOT NULL AUTO_INCREMENT,
  `nombreSubCategoria` varchar(100) DEFAULT NULL,
  `idCategoria` int(11) DEFAULT NULL,
  PRIMARY KEY (`idSubCategoria`),
  KEY `fk_subCategoria_categoria` (`idCategoria`)
) ENGINE=InnoDB DEFAULT CHARSET=latin1 AUTO_INCREMENT=1 ;

-- --------------------------------------------------------

--
-- Table structure for table `submotivo`
--

CREATE TABLE IF NOT EXISTS `submotivo` (
  `idSubMotivo` int(11) NOT NULL AUTO_INCREMENT,
  `nombreSubMotivo` varchar(100) DEFAULT NULL,
  `idMotivo` int(11) DEFAULT NULL,
  PRIMARY KEY (`idSubMotivo`),
  KEY `fk_subMotivo_motivo` (`idMotivo`)
) ENGINE=InnoDB DEFAULT CHARSET=latin1 AUTO_INCREMENT=1 ;

-- --------------------------------------------------------

--
-- Table structure for table `tienda`
--

CREATE TABLE IF NOT EXISTS `tienda` (
  `idtienda` int(11) NOT NULL AUTO_INCREMENT,
  `nombre` varchar(45) DEFAULT NULL,
  `logo` varchar(45) DEFAULT NULL,
  `areaNegocio` int(11) DEFAULT '0',
  PRIMARY KEY (`idtienda`)
) ENGINE=InnoDB  DEFAULT CHARSET=latin1 AUTO_INCREMENT=276 ;

--
-- Dumping data for table `tienda`
--

INSERT INTO `tienda` (`idtienda`, `nombre`, `logo`, `areaNegocio`) VALUES
(1, 'Mas Vida', 'bancoestado.jpg', 0),
(2, 'El Volcan', 'null.jpg', 0),
(3, 'Movistar', 'movistar.jpg', 0),
(4, 'Banco Ripley', 'bancoripley.jpg', 0),
(5, 'Banco Chile', 'bancochile.jpg', 0),
(6, 'Cruz Verde', 'cruzverde.jpg', 0),
(7, 'Morph', 'morph.jpg', 0),
(8, 'Starbucks', 'starbucks.jpg', 0),
(9, 'Republic Of Beauty', 'republicofbeauty.jpg', 0),
(10, 'Ferouch', 'ferouch.jpg', 0),
(11, 'Isadora', 'isadora.jpg', 0),
(12, 'We Love Shoes', 'weloveshoes.jpg', 0),
(13, 'La Fete', 'lafete.jpg', 0),
(14, 'Guante', 'guante.jpg', 0),
(15, 'Renzo Costa', 'renzocosta.jpg', 0),
(16, 'Entel PCS', 'entel.jpg', 0),
(17, 'Banco Falabella', 'bancofalabella.jpg', 0),
(18, 'Ma Griffe', 'magriffe.jpg', 0),
(19, 'Io', 'io.jpg', 0),
(20, 'Rockford', 'rockford.jpg', 0),
(21, 'Vz', 'vz.jpg', 0),
(22, 'Dagorret', 'dagorret.jpg', 0),
(23, 'Llaollao', 'llaollao.jpg', 0),
(24, 'Trial', 'trial.jpg', 0),
(25, 'Florsheim', 'florsheim.jpg', 0),
(26, 'Perry Ellis', 'perryellis.jpg', 0),
(27, 'Hush Puppies', 'hushpuppies.jpg', 0),
(28, 'Barbizon', 'barbizon.jpg', 0),
(29, 'MacOnline', 'maconline.jpg', 0),
(30, 'Studio F', 'studiof.jpg', 0),
(31, 'Zara', 'zara.jpg', 5),
(32, 'Zara', 'zara.jpg', 5),
(33, 'Dulce Luna', 'null.jpg', 5),
(34, 'La Martina', 'lamartina.jpg', 5),
(35, 'Michelle Bleau', 'michellebleau.jpg', 5),
(36, 'Privilege', 'privilege.jpg', 5),
(37, 'HE', 'he.jpg', 5),
(38, 'Aldo', 'aldo.jpg', 5),
(39, 'Ming', 'ming.jpg', 5),
(40, 'Bonafide', 'bonafide.jpg', 5),
(41, 'New Man', 'newman.jpg', 5),
(42, 'Amphora', 'amphora.jpg', 5),
(43, 'MNG', 'mng.jpg', 5),
(44, 'Saville Row', 'savillerow.jpg', 5),
(45, 'Vacancy', 'vacancy.jpg', 0),
(46, 'Vacancy', 'vacancy.jpg', 0),
(47, 'Forever 21', 'forever21.jpg', 5),
(48, 'Falabella', 'falabella.jpg', 1),
(49, 'Ripley', 'ripley.jpg', 1),
(50, 'Opticas Schilling', 'opticasschilling.jpg', 0),
(51, 'Moletto', 'moletto.jpg', 0),
(52, 'Gema', 'gema.jpg', 0),
(53, 'Potros', 'potros.jpg', 0),
(54, 'Perfumame', 'perfumame.jpg', 0),
(55, 'Cory', 'cory.jpg', 0),
(56, 'Ferracini', 'ferracini.jpg', 0),
(57, 'Intime', 'intime.jpg', 0),
(58, 'Imagen', 'imagen.jpg', 0),
(59, 'Carteras Italianas', 'carterasitalianas.jpg', 0),
(60, 'Bata', 'bata.jpg', 0),
(61, 'Opticas GMO', 'opticasgmo.jpg', 0),
(62, 'Bunny''s', 'bunnys.jpg', 0),
(63, 'Kayser', 'kayser.jpg', 0),
(64, 'HP Kids', 'hushpuppieskids.jpg', 0),
(65, 'Azaleia', 'azaleia.jpg', 0),
(66, 'Ficcus', 'ficcus.jpg', 0),
(67, 'Gotta', 'gotta.jpg', 0),
(68, 'Opaline', 'opaline.jpg', 0),
(69, 'Colloky', 'colloky.jpg', 0),
(70, 'Bubblegummers', 'bubblegummers.jpg', 0),
(71, 'Zenzero', 'zenzero.jpg', 0),
(72, 'Spring', 'spring.jpg', 0),
(73, 'Limonada', 'limonada.jpg', 0),
(74, 'Pillin', 'pillin.jpg', 0),
(75, 'Bruno Rossi', 'brunorossi.jpg', 0),
(76, 'Lounge', 'lounge.jpg', 0),
(77, 'Gacel', 'gacel.jpg', 0),
(78, 'Do It', 'doit.jpg', 0),
(79, 'De Togni', 'detogni.jpg', 0),
(80, 'Boumex', 'boumex.jpg', 0),
(81, 'Varsovienne', 'varsovienne.jpg', 0),
(82, 'Swarovski', 'swarovski.jpg', 0),
(83, 'Homy', 'homy.jpg', 1),
(84, 'Emporio la Rosa', 'emporio.jpg', 0),
(85, 'Romano', 'romano.jpg', 0),
(86, 'Juliana', 'juliana.jpg', 0),
(87, 'Comodo', 'comodo.jpg', 0),
(88, 'Libreria Antartica', 'libreriaantartica.jpg', 0),
(89, 'Abismo', 'abismo.jpg', 0),
(90, 'Bellota', 'bellota.jpg', 0),
(91, 'Capellini', 'capellini.jpg', 0),
(92, 'Alfombras Cannon', 'cannon.jpg', 0),
(93, 'Intersalon', 'intersalon.jpg', 0),
(94, 'Toy Planet', 'toyplanet.jpg', 0),
(95, 'Make Up', 'makeup.jpg', 0),
(96, 'Secret', 'secret.jpg', 0),
(97, 'Opticas R&K', 'opticasrotterykrauss.jpg', 0),
(98, 'Lolita Pocket', 'lolitapocket.jpg', 0),
(99, 'Opticas OPV', 'opticasopv.jpg', 0),
(100, 'Baby Infanti', 'babyinfanti.jpg', 0),
(101, 'Mokka', 'mokka.jpg', 0),
(102, 'Cannon Home', 'cannon.jpg', 0),
(103, 'Wados', 'wados.jpg', 0),
(104, 'Kitchen Republic', 'kitchenrepublic.jpg', 0),
(105, 'Todo Moda', 'todomoda.jpg', 0),
(106, 'Saxoline', 'saxoline.jpg', 0),
(107, 'Pollini', 'pollini.jpg', 0),
(108, 'Ripley', 'ripley.jpg', 1),
(109, 'Falabella', 'falabella.jpg', 1),
(110, 'San Francisco', 'sanfrancisco.jpg', 0),
(111, 'Contrapunto', 'contrapunto.jpg', 0),
(112, 'Polemic', 'polemic.jpg', 0),
(113, 'We Play', 'weplay.jpg', 0),
(114, 'Boost', 'boost.jpg', 0),
(115, 'Reebok', 'reebok.jpg', 0),
(116, 'Gizmobies', 'gizmobies.jpg', 0),
(117, 'Belsport', 'belsport.jpg', 0),
(118, 'Microplay', 'microplay.jpg', 0),
(119, 'Crocs', 'crocs.jpg', 0),
(120, 'Funway', 'funway.jpg', 0),
(121, 'Ellus', 'ellus.jpg', 0),
(122, 'Samsung', 'samsung.jpg', 0),
(123, 'Bamers', 'bamers.jpg', 0),
(124, 'UFO', 'ufo.jpg', 0),
(125, '7Veinte', '7veinte.jpg', 0),
(126, 'Mossimo', 'mossimo.jpg', 0),
(127, 'Block', 'block.jpg', 0),
(128, 'UK', 'uk.jpg', 0),
(129, 'Head', 'head.jpg', 0),
(130, 'Patuelli', 'patuelli.jpg', 0),
(131, 'Funsport', 'funsport.jpg', 0),
(132, 'Maui', 'maui.jpg', 0),
(133, 'Americanino', 'americanino.jpg', 0),
(134, 'Volcom', 'volcom.jpg', 0),
(135, 'RipCurl', 'ripcurl.jpg', 0),
(136, 'Skechers', 'skechers.jpg', 0),
(137, 'Vans', 'vans.jpg', 0),
(138, 'Adidas Originals', 'adidasoriginals.jpg', 0),
(139, 'Nike', 'nike.jpg', 0),
(140, 'Andes Gear', 'andesgear.jpg', 0),
(141, 'Adidas', 'adidas.jpg', 0),
(142, 'Doite', 'doite.jpg', 0),
(143, 'Sparta', 'sparta.jpg', 0),
(144, 'Bravissimo', 'bravissimo.jpg', 0),
(145, '100% Futbol', '100futbol.jpg', 0),
(146, 'Adrenalin', 'adrenalin.jpg', 0),
(147, 'Everlast', 'everlast.jpg', 0),
(148, 'CAT', 'cat.jpg', 0),
(149, 'Lippi', 'lippi.jpg', 0),
(150, 'Merrel', 'merrel.jpg', 0),
(151, 'Columbia', 'columbia.jpg', 0),
(152, 'Levis', 'levis.jpg', 0),
(153, 'Johnny Rockets', 'johnnyrockets.jpg', 3),
(154, 'Ripley', 'ripley.jpg', 1),
(155, 'Falabella', 'falabella.jpg', 1),
(156, 'SCD', 'scd.jpg', 4),
(157, 'Las Delicias', 'lasdelicias.jpg', 4),
(158, 'Pardo''s Chicken', 'pardoschicken.jpg', 4),
(159, 'Lizarran', 'lizarran.jpg', 4),
(160, 'Piola', 'piola.jpg', 4),
(161, 'Montaditos', 'montaditos.jpg', 4),
(162, 'Vendetta', 'vendetta.jpg', 4),
(163, 'Santa Brasa', 'santabrasa.jpg', 4),
(164, 'Sushi', 'sushi.jpg', 4),
(165, 'Fresco', 'fresco.jpg', 4),
(166, 'Take a Wok', 'takeawok.jpg', 4),
(167, 'MCD', 'mcd.jpg', 3),
(168, 'Savory', 'savory.jpg', 3),
(169, 'KFC', 'kfc.jpg', 3),
(170, 'Juan Maestro', 'juanmaestro.jpg', 3),
(171, 'Doggi''s', 'doggis.jpg', 3),
(172, 'Burger King', 'burgerking.jpg', 3),
(173, 'China Wok', 'chinawok.jpg', 3),
(174, 'Happyland', 'happyland.jpg', 0),
(175, 'Buffet Express', 'buffetexpress.jpg', 3),
(176, 'Buffalo', 'buffalo.jpg', 3),
(177, 'Fritz', 'fritz.jpg', 3),
(178, 'Pollo Stop', 'pollostop.jpg', 3),
(179, 'PJD', 'pjd.jpg', 3),
(180, 'Domino', 'domino.jpg', 3),
(181, 'Pizza Hut', 'pizzahut.jpg', 3),
(182, 'BV', 'bv.jpg', 3),
(183, 'Senz', 'senz.jpg', 3),
(184, 'George', 'george.jpg', 4),
(185, 'Mamut', 'mamut.jpg', 4),
(186, 'T''quila', 'tequila.jpg', 4),
(187, 'Ilippo', 'illipo.jpg', 4),
(188, 'Sushi Blues', 'sushiblues.jpg', 3),
(189, 'Mamma Mia', 'mammamia.jpg', 3),
(190, 'Yogen Fruz', 'yogenfruz.jpg', 3),
(191, 'Cinehoyts', 'cinehoyts.jpg', 1),
(192, 'Energy', 'energy.jpg', 0),
(193, 'Pre Unic', 'preunic.jpg', 0),
(194, 'Lapiz Lopez', 'lapizlopez.jpg', 0),
(195, 'Mi Foto', 'mifoto.jpg', 0),
(196, 'A3D', 'a3d.jpg', 0),
(197, 'Savory', 'savory.jpg', 0),
(198, 'Dunkin'' Donuts', 'dunkindonuts.jpg', 0),
(199, 'Vacancy', 'null.jpg', 0),
(200, 'All Nutrition', 'allnutrition.jpg', 0),
(201, 'Caffarena', 'caffarena.jpg', 0),
(202, 'TUA', 'tua.jpg', 0),
(203, 'French Beauty', 'frenchbeauty.jpg', 0),
(204, 'Glam', 'glam.jpg', 0),
(205, 'Espacio Salcobrand', 'salcobrand.jpg', 0),
(206, 'Libreria Nacional', 'librerianacional.jpg', 0),
(207, 'Farmacias Ahumada', 'fahumada.jpg', 0),
(208, 'Afex', 'afex.jpg', 0),
(209, 'Casa Royal', 'casaroyal.jpg', 0),
(210, 'Peugeot', 'peugeot.jpg', 2),
(211, 'Mitsubishi', 'mitsubishi.jpg', 2),
(212, 'Ford', 'ford.jpg', 2),
(213, 'Kia', 'kia.jpg', 2),
(214, 'Subaru', 'toyota.jpg', 2),
(215, 'Ssang Yong', 'ssangyong.jpg', 2),
(216, 'Chery', 'chery.jpg', 2),
(217, 'Fiat', 'fiat.jpg', 2),
(218, 'Chrysler', 'chrysler.jpg', 2),
(219, 'Fortaleza', 'fortaleza.jpg', 2),
(220, 'Hyundai', 'hyundai.jpg', 2),
(221, 'Opel', 'opel.jpg', 2),
(222, 'Chevrolet', 'chevrolet.jpg', 2),
(223, 'Tottus', 'tottus.jpg', 1),
(224, 'Click & touch', 'clicktouch.jpg', 0),
(225, 'Mc Posters', 'mcposters.jpg', 0),
(226, 'Libros Aventura', 'librosaventura.jpg', 0),
(227, 'Smartlove', 'smartlove.jpg', 0),
(228, 'Vacancy', 'vacancy.jpg', 0),
(229, 'Vacancy', 'vacancy.jpg', 0),
(230, 'Chocolates G&C', 'chocolatesgc.jpg', 0),
(231, 'Estilo Pets', 'estilopets.jpg', 0),
(232, 'Kurte Joyas', 'kurtejoyas.jpg', 0),
(233, 'Decokids', 'decokids.jpg', 0),
(234, 'Silvana', 'silvana.jpg', 0),
(235, 'Bloom', 'bloom.jpg', 0),
(236, 'VTR', 'vtr.jpg', 0),
(237, 'Entel', 'entel.jpg', 0),
(238, 'Claro', 'claro.jpg', 0),
(239, 'Movistar', 'movistar.jpg', 0),
(258, 'Tommy Hilfiger', 'tommyhilfiger.jpg', 0),
(259, 'Oliver Webber', 'oliverwebber.jpg', 0),
(260, 'Bulgari', 'bulgari.jpg', 0),
(261, 'Jardin de Hadas', 'jarindehadas.jpg', 0),
(262, 'Morelatto', 'morelatto.jpg', 0),
(263, 'Frog', 'frog.jpg', 0),
(264, 'I am Smart', 'iamsmart.jpg', 0),
(265, 'Cinabon', 'cinabon.jpg', 0),
(266, 'Dockers', 'Dockers', 0),
(267, 'Garmin', 'garmin.jpg', 0),
(268, 'Hook', 'hook.jpg', 0),
(269, 'GNC', 'gnc.jpg', 0),
(270, 'Toyota', 'toyota.jpg', 2),
(271, 'Coggiola Joyas', 'coggiolajoyas.jpg', 0),
(272, 'Golden Rose', 'goldenrose.jpg', 0),
(273, 'Premier', 'premier.jpg', 0),
(274, 'Vichy', 'vichy.jpg', 0),
(275, 'Vacancy', 'vacancy.jpg', 0);

-- --------------------------------------------------------

--
-- Table structure for table `totem`
--

CREATE TABLE IF NOT EXISTS `totem` (
  `idtotem` int(11) NOT NULL AUTO_INCREMENT,
  `idnodo` int(11) NOT NULL,
  `nombre` varchar(45) DEFAULT NULL,
  `orientacion` varchar(45) DEFAULT NULL,
  PRIMARY KEY (`idtotem`),
  KEY `fk_totem_1` (`idnodo`)
) ENGINE=InnoDB  DEFAULT CHARSET=latin1 AUTO_INCREMENT=4 ;

--
-- Dumping data for table `totem`
--

INSERT INTO `totem` (`idtotem`, `idnodo`, `nombre`, `orientacion`) VALUES
(1, 240, 'T1', 'N'),
(2, 256, 'T2', 'N'),
(3, 257, 'T2', 'N');

-- --------------------------------------------------------

--
-- Table structure for table `usuario`
--

CREATE TABLE IF NOT EXISTS `usuario` (
  `id_usuario` int(11) NOT NULL AUTO_INCREMENT,
  `nomComUsuario` varchar(45) DEFAULT NULL,
  `nomUsuario` varchar(30) DEFAULT NULL,
  `mailUsuario` varchar(60) DEFAULT NULL,
  `passUsuario` varchar(100) DEFAULT NULL,
  `privilegioUsuario` int(11) DEFAULT NULL,
  PRIMARY KEY (`id_usuario`)
) ENGINE=InnoDB DEFAULT CHARSET=latin1 AUTO_INCREMENT=1 ;

-- --------------------------------------------------------

--
-- Table structure for table `usuarios`
--

CREATE TABLE IF NOT EXISTS `usuarios` (
  `idusuarios` int(11) NOT NULL AUTO_INCREMENT,
  `nombre` varchar(45) DEFAULT NULL,
  `apellidoPaterno` varchar(45) DEFAULT NULL,
  `apellidoMaterno` varchar(45) DEFAULT NULL,
  `jerarquia` varchar(45) DEFAULT NULL,
  PRIMARY KEY (`idusuarios`)
) ENGINE=InnoDB DEFAULT CHARSET=latin1 AUTO_INCREMENT=1 ;

--
-- Constraints for dumped tables
--

--
-- Constraints for table `areanegocios`
--
ALTER TABLE `areanegocios`
  ADD CONSTRAINT `areaNegocios_ibfk_1` FOREIGN KEY (`idareaNegocio`) REFERENCES `areanegocios` (`idareaNegocio`);

--
-- Constraints for table `detallemarca`
--
ALTER TABLE `detallemarca`
  ADD CONSTRAINT `detallemarca_ibfk_1` FOREIGN KEY (`idtienda`) REFERENCES `tienda` (`idtienda`) ON DELETE NO ACTION ON UPDATE NO ACTION,
  ADD CONSTRAINT `fk_dm_idmarca` FOREIGN KEY (`idmarca`) REFERENCES `marca` (`idmarca`) ON DELETE NO ACTION ON UPDATE NO ACTION,
  ADD CONSTRAINT `fk_dm_idproducto` FOREIGN KEY (`idproducto`) REFERENCES `producto` (`idproducto`) ON DELETE NO ACTION ON UPDATE NO ACTION;

--
-- Constraints for table `detalleoferta`
--
ALTER TABLE `detalleoferta`
  ADD CONSTRAINT `fk_do_idoferta` FOREIGN KEY (`idoferta`) REFERENCES `oferta` (`idoferta`) ON DELETE NO ACTION ON UPDATE NO ACTION,
  ADD CONSTRAINT `fk_do_idproducto` FOREIGN KEY (`idproducto`) REFERENCES `producto` (`idproducto`) ON DELETE NO ACTION ON UPDATE NO ACTION;

--
-- Constraints for table `detallepromocion`
--
ALTER TABLE `detallepromocion`
  ADD CONSTRAINT `fk_dt_idproducto` FOREIGN KEY (`idproducto`) REFERENCES `producto` (`idproducto`) ON DELETE NO ACTION ON UPDATE NO ACTION,
  ADD CONSTRAINT `fk_dt_idpromocion` FOREIGN KEY (`idpromocion`) REFERENCES `promocion` (`idpromocion`) ON DELETE NO ACTION ON UPDATE NO ACTION;

--
-- Constraints for table `detallerubro`
--
ALTER TABLE `detallerubro`
  ADD CONSTRAINT `fk_dr_idrubro` FOREIGN KEY (`idrubro`) REFERENCES `rubro` (`idrubro`) ON DELETE NO ACTION ON UPDATE NO ACTION,
  ADD CONSTRAINT `fk_dr_idtienda` FOREIGN KEY (`idtienda`) REFERENCES `tienda` (`idtienda`) ON DELETE NO ACTION ON UPDATE NO ACTION;

--
-- Constraints for table `detalletienda`
--
ALTER TABLE `detalletienda`
  ADD CONSTRAINT `fk_idproducto` FOREIGN KEY (`idproducto`) REFERENCES `producto` (`idproducto`) ON DELETE NO ACTION ON UPDATE NO ACTION,
  ADD CONSTRAINT `fk_idtienda` FOREIGN KEY (`idtienda`) REFERENCES `tienda` (`idtienda`) ON DELETE NO ACTION ON UPDATE NO ACTION;

--
-- Constraints for table `estacionamiento`
--
ALTER TABLE `estacionamiento`
  ADD CONSTRAINT `fk_estacionamiento_1` FOREIGN KEY (`idnodo`) REFERENCES `nodos` (`idnodo`) ON DELETE NO ACTION ON UPDATE NO ACTION;

--
-- Constraints for table `mensaje`
--
ALTER TABLE `mensaje`
  ADD CONSTRAINT `fk_mensaje_subMotivo` FOREIGN KEY (`idSubMotivo`) REFERENCES `submotivo` (`idSubMotivo`);

--
-- Constraints for table `motivo`
--
ALTER TABLE `motivo`
  ADD CONSTRAINT `fk_motivo_subCategoria` FOREIGN KEY (`idSubCategoria`) REFERENCES `subcategoria` (`idSubCategoria`);

--
-- Constraints for table `nodos`
--
ALTER TABLE `nodos`
  ADD CONSTRAINT `fk_nodos_1` FOREIGN KEY (`idcambiadorPiso`) REFERENCES `cambiadorpiso` (`idcambiadorPiso`) ON DELETE NO ACTION ON UPDATE NO ACTION;

--
-- Constraints for table `oferta`
--
ALTER TABLE `oferta`
  ADD CONSTRAINT `fk_of_idtienda` FOREIGN KEY (`idtienda`) REFERENCES `tienda` (`idtienda`) ON DELETE NO ACTION ON UPDATE NO ACTION;

--
-- Constraints for table `promocion`
--
ALTER TABLE `promocion`
  ADD CONSTRAINT `idtienda` FOREIGN KEY (`idtienda`) REFERENCES `tienda` (`idtienda`) ON DELETE NO ACTION ON UPDATE NO ACTION;

--
-- Constraints for table `propiedadestienda`
--
ALTER TABLE `propiedadestienda`
  ADD CONSTRAINT `fk_propiedadesTienda_1` FOREIGN KEY (`idtienda`) REFERENCES `tienda` (`idtienda`) ON DELETE NO ACTION ON UPDATE NO ACTION,
  ADD CONSTRAINT `fk_propiedadesTienda_2` FOREIGN KEY (`idnodo`) REFERENCES `nodos` (`idnodo`) ON DELETE NO ACTION ON UPDATE NO ACTION;

--
-- Constraints for table `subcategoria`
--
ALTER TABLE `subcategoria`
  ADD CONSTRAINT `fk_subCategoria_categoria` FOREIGN KEY (`idCategoria`) REFERENCES `categoria` (`idCategoria`);

--
-- Constraints for table `submotivo`
--
ALTER TABLE `submotivo`
  ADD CONSTRAINT `fk_subMotivo_motivo` FOREIGN KEY (`idMotivo`) REFERENCES `motivo` (`idMotivo`);

--
-- Constraints for table `totem`
--
ALTER TABLE `totem`
  ADD CONSTRAINT `fk_totem_1` FOREIGN KEY (`idnodo`) REFERENCES `nodos` (`idnodo`) ON DELETE NO ACTION ON UPDATE NO ACTION;

/*!40101 SET CHARACTER_SET_CLIENT=@OLD_CHARACTER_SET_CLIENT */;
/*!40101 SET CHARACTER_SET_RESULTS=@OLD_CHARACTER_SET_RESULTS */;
/*!40101 SET COLLATION_CONNECTION=@OLD_COLLATION_CONNECTION */;
