-- phpMyAdmin SQL Dump
-- version 3.5.2.2
-- http://www.phpmyadmin.net
--
-- Servidor: 127.0.0.1
-- Tiempo de generación: 29-10-2012 a las 14:44:57
-- Versión del servidor: 5.5.27
-- Versión de PHP: 5.4.7

SET SQL_MODE="NO_AUTO_VALUE_ON_ZERO";
SET time_zone = "+00:00";


CREATE DATABASE IF NOT EXISTS `totemMallPlaza`;
USE `totemMallPlaza`;

/*!40101 SET @OLD_CHARACTER_SET_CLIENT=@@CHARACTER_SET_CLIENT */;
/*!40101 SET @OLD_CHARACTER_SET_RESULTS=@@CHARACTER_SET_RESULTS */;
/*!40101 SET @OLD_COLLATION_CONNECTION=@@COLLATION_CONNECTION */;
/*!40101 SET NAMES utf8 */;

--
-- Base de datos: `totemmallplaza`
--

-- --------------------------------------------------------

--
-- Estructura de tabla para la tabla `cambiadorpiso`
--

CREATE TABLE IF NOT EXISTS `cambiadorpiso` (
  `idcambiadorPiso` int(11) NOT NULL AUTO_INCREMENT,
  `idnodo` int(11) DEFAULT NULL,
  `tipo` varchar(45) DEFAULT NULL,
  `sube` tinyint(1) DEFAULT NULL,
  `baja` tinyint(1) DEFAULT NULL,
  `idnodoSubida` int(11) DEFAULT NULL,
  `idnodoBajada` int(11) DEFAULT NULL,
  PRIMARY KEY (`idcambiadorPiso`)
) ENGINE=InnoDB  DEFAULT CHARSET=latin1 AUTO_INCREMENT=43 ;

--
-- Volcado de datos para la tabla `cambiadorpiso`
--

INSERT INTO `cambiadorpiso` (`idcambiadorPiso`, `idnodo`, `tipo`, `sube`, `baja`, `idnodoSubida`, `idnodoBajada`) VALUES
(1, 355, '2', 1, 0, 369, 0),
(2, 356, '2', 1, 0, 370, 0),
(3, 357, '2', 1, 0, 371, 0),
(4, 358, '2', 1, 0, 372, 0),
(5, 359, '2', 1, 0, 373, 0),
(6, 360, '2', 1, 0, 374, 0),
(7, 361, '2', 1, 0, 375, 0),
(8, 362, '2', 1, 0, 376, 0),
(9, 363, '2', 1, 0, 377, 0),
(10, 364, '2', 1, 0, 378, 0),
(11, 365, '2', 1, 0, 379, 0),
(12, 366, '2', 1, 0, 380, 0),
(13, 367, '2', 1, 0, 381, 0),
(14, 368, '2', 1, 0, 382, 0),
(15, 369, '2', 1, 1, 383, 355),
(16, 370, '2', 1, 1, 384, 356),
(17, 371, '2', 1, 1, 385, 357),
(18, 372, '2', 1, 1, 386, 358),
(19, 373, '2', 1, 1, 387, 359),
(20, 374, '2', 1, 1, 388, 360),
(21, 375, '2', 1, 1, 389, 361),
(22, 376, '2', 1, 1, 390, 362),
(23, 377, '2', 1, 1, 391, 363),
(24, 378, '2', 0, 1, 392, 364),
(25, 379, '2', 1, 1, 393, 365),
(26, 380, '2', 1, 1, 394, 366),
(27, 381, '2', 1, 1, 395, 367),
(28, 382, '2', 1, 1, 396, 368),
(29, 383, '2', 0, 1, 0, 369),
(30, 384, '2', 0, 1, 0, 370),
(31, 385, '2', 0, 1, 0, 371),
(32, 386, '2', 0, 1, 0, 372),
(33, 387, '2', 0, 1, 0, 373),
(34, 388, '2', 0, 1, 0, 374),
(35, 389, '2', 0, 1, 0, 375),
(36, 390, '2', 0, 1, 0, 376),
(37, 391, '2', 0, 1, 0, 377),
(38, 392, '2', 0, 1, 0, 378),
(39, 393, '2', 0, 1, 0, 379),
(40, 394, '2', 0, 1, 0, 380),
(41, 395, '2', 0, 1, 0, 381),
(42, 396, '2', 0, 1, 0, 382);

-- --------------------------------------------------------

--
-- Estructura de tabla para la tabla `categoria`
--

CREATE TABLE IF NOT EXISTS `categoria` (
  `idCategoria` int(11) NOT NULL AUTO_INCREMENT,
  `nombreCategoria` varchar(100) DEFAULT NULL,
  PRIMARY KEY (`idCategoria`)
) ENGINE=InnoDB DEFAULT CHARSET=latin1 AUTO_INCREMENT=1 ;

-- --------------------------------------------------------

--
-- Estructura de tabla para la tabla `detallemarca`
--

CREATE TABLE IF NOT EXISTS `detallemarca` (
  `iddetalleMarca` int(11) NOT NULL AUTO_INCREMENT,
  `idproducto` int(11) DEFAULT NULL,
  `idmarca` int(11) DEFAULT NULL,
  `idtienda` int(11) DEFAULT NULL,
  PRIMARY KEY (`iddetalleMarca`),
  KEY `fk_dm_idproducto` (`idproducto`),
  KEY `fk_dm_idmarca` (`idmarca`),
  KEY `idtienda` (`idtienda`)
) ENGINE=InnoDB  DEFAULT CHARSET=latin1 AUTO_INCREMENT=507 ;

--
-- Volcado de datos para la tabla `detallemarca`
--

INSERT INTO `detallemarca` (`iddetalleMarca`, `idproducto`, `idmarca`, `idtienda`) VALUES
(1, NULL, 294, 288),
(2, NULL, 4, 288),
(3, NULL, 344, 288),
(4, NULL, 4, 77),
(5, NULL, 56, 77),
(6, NULL, 10, 308),
(7, NULL, 5, 214),
(8, NULL, 379, 68),
(9, NULL, 11, 180),
(10, NULL, 20, 16),
(11, NULL, 163, 140),
(12, NULL, 415, 140),
(13, NULL, 24, 140),
(14, NULL, 377, 140),
(15, NULL, 328, 140),
(16, NULL, 204, 353),
(17, NULL, 85, 353),
(18, NULL, 120, 353),
(19, NULL, 253, 353),
(20, NULL, 231, 353),
(21, NULL, 27, 58),
(22, NULL, 122, 58),
(23, NULL, 123, 321),
(24, NULL, 47, 321),
(25, NULL, 207, 321),
(26, NULL, 326, 321),
(27, NULL, 207, 25),
(28, NULL, 62, 25),
(29, NULL, 95, 25),
(30, NULL, 26, 25),
(31, NULL, 42, 236),
(32, NULL, 30, 272),
(33, NULL, 29, 161),
(34, NULL, 29, 237),
(35, NULL, 31, 250),
(36, NULL, 212, 270),
(37, NULL, 32, 271),
(38, NULL, 33, 172),
(39, NULL, 34, 193),
(40, NULL, 364, 268),
(41, NULL, 35, 269),
(42, NULL, 37, 30),
(43, NULL, 294, 30),
(44, NULL, 344, 30),
(45, NULL, 301, 30),
(46, NULL, 339, 30),
(47, NULL, 37, 39),
(48, NULL, 294, 39),
(49, NULL, 344, 39),
(50, NULL, 301, 39),
(51, NULL, 339, 39),
(52, NULL, 38, 178),
(53, NULL, 39, 314),
(54, NULL, 42, 133),
(55, NULL, 44, 204),
(56, NULL, 294, 33),
(57, NULL, 344, 33),
(58, NULL, 4, 33),
(59, NULL, 348, 33),
(60, NULL, 50, 31),
(61, NULL, 53, 201),
(62, NULL, 4, 179),
(63, NULL, 418, 179),
(64, NULL, 108, 179),
(65, NULL, 344, 179),
(66, NULL, 294, 179),
(67, NULL, 59, 9),
(68, NULL, 59, 42),
(69, NULL, 60, 173),
(70, NULL, 65, 174),
(71, NULL, 116, 174),
(72, NULL, 66, 17),
(73, NULL, 294, 17),
(74, NULL, 375, 17),
(75, NULL, 67, 344),
(76, NULL, 68, 332),
(77, NULL, 70, 343),
(78, NULL, 74, 239),
(79, NULL, 278, 239),
(80, NULL, 78, 244),
(81, NULL, 176, 41),
(82, NULL, 196, 41),
(83, NULL, 128, 41),
(84, NULL, 221, 41),
(85, NULL, 84, 163),
(86, NULL, 7, 75),
(87, NULL, 175, 75),
(88, NULL, 268, 75),
(89, NULL, 43, 75),
(90, NULL, 243, 75),
(91, NULL, 73, 62),
(92, NULL, 191, 62),
(93, NULL, 288, 62),
(94, NULL, 366, 62),
(95, NULL, 57, 62),
(96, NULL, 79, 126),
(97, NULL, 277, 22),
(98, NULL, 192, 22),
(99, NULL, 355, 22),
(100, NULL, 14, 22),
(101, NULL, 250, 22),
(102, NULL, 77, 87),
(103, NULL, 295, 87),
(104, NULL, 123, 87),
(105, NULL, 80, 10),
(106, NULL, 83, 24),
(107, NULL, 178, 119),
(108, NULL, 272, 119),
(109, NULL, 249, 119),
(110, NULL, 411, 119),
(111, NULL, 169, 119),
(112, NULL, 91, 89),
(113, NULL, 92, 129),
(114, NULL, 93, 105),
(115, NULL, 360, 105),
(116, NULL, 98, 116),
(117, NULL, 97, 329),
(118, NULL, 100, 93),
(119, NULL, 300, 232),
(120, NULL, 362, 232),
(121, NULL, 243, 232),
(122, NULL, 203, 232),
(123, NULL, 103, 130),
(124, NULL, 105, 83),
(125, NULL, 109, 90),
(126, NULL, 110, 153),
(127, NULL, 112, 264),
(128, NULL, 372, 82),
(129, NULL, 413, 82),
(130, NULL, 318, 82),
(131, NULL, 90, 82),
(132, NULL, 308, 82),
(133, NULL, 115, 176),
(134, NULL, 139, 91),
(135, NULL, 403, 91),
(136, NULL, 147, 91),
(137, NULL, 398, 91),
(138, NULL, 118, 258),
(139, NULL, 351, 115),
(140, NULL, 262, 115),
(141, NULL, 362, 115),
(142, NULL, 384, 115),
(143, NULL, 351, 125),
(144, NULL, 262, 125),
(145, NULL, 362, 125),
(146, NULL, 384, 125),
(147, NULL, 351, 132),
(148, NULL, 262, 132),
(149, NULL, 362, 132),
(150, NULL, 384, 132),
(151, NULL, 351, 136),
(152, NULL, 262, 136),
(153, NULL, 362, 136),
(154, NULL, 384, 136),
(155, NULL, 123, 255),
(156, NULL, 125, 303),
(157, NULL, 126, 14),
(158, NULL, 154, 14),
(159, NULL, 286, 14),
(160, NULL, 213, 14),
(161, NULL, 127, 333),
(162, NULL, 129, 345),
(163, NULL, 130, 209),
(164, NULL, 131, 94),
(165, NULL, 23, 94),
(166, NULL, 133, 81),
(167, NULL, 135, 55),
(168, NULL, 300, 263),
(169, NULL, 362, 263),
(170, NULL, 243, 263),
(171, NULL, 16, 263),
(172, NULL, 54, 263),
(173, NULL, 146, 63),
(174, NULL, 433, 289),
(175, NULL, 368, 289),
(176, NULL, 15, 23),
(177, NULL, 377, 23),
(178, NULL, 313, 23),
(179, NULL, 362, 23),
(180, NULL, 15, 235),
(181, NULL, 377, 235),
(182, NULL, 313, 235),
(183, NULL, 362, 235),
(184, NULL, 15, 317),
(185, NULL, 377, 317),
(186, NULL, 313, 317),
(187, NULL, 362, 317),
(188, NULL, 236, 168),
(189, NULL, 104, 168),
(190, NULL, 211, 168),
(191, NULL, 248, 168),
(192, NULL, 234, 168),
(193, NULL, 392, 208),
(194, NULL, 421, 208),
(195, NULL, 102, 208),
(196, NULL, 264, 208),
(197, NULL, 51, 208),
(198, NULL, 150, 66),
(199, NULL, 236, 66),
(200, NULL, 141, 66),
(201, NULL, 289, 66),
(202, NULL, 304, 66),
(203, NULL, 150, 103),
(204, NULL, 236, 103),
(205, NULL, 141, 103),
(206, NULL, 289, 103),
(207, NULL, 304, 103),
(208, NULL, 149, 159),
(209, NULL, 151, 65),
(210, NULL, 152, 247),
(211, NULL, 237, 197),
(212, NULL, 269, 197),
(213, NULL, 13, 197),
(214, NULL, 76, 197),
(215, NULL, 419, 197),
(216, NULL, 155, 311),
(217, NULL, 153, 121),
(218, NULL, 157, 242),
(219, NULL, 158, 167),
(220, NULL, 17, 167),
(221, NULL, 316, 167),
(222, NULL, 12, 167),
(223, NULL, 305, 167),
(224, NULL, 162, 8),
(225, NULL, 251, 139),
(226, NULL, 438, 139),
(227, NULL, 186, 139),
(228, NULL, 164, 137),
(229, NULL, 185, 137),
(230, NULL, 167, 322),
(231, NULL, 170, 326),
(232, NULL, 265, 78),
(233, NULL, 106, 78),
(234, NULL, 63, 78),
(235, NULL, 86, 78),
(236, NULL, 113, 78),
(237, NULL, 215, 78),
(238, NULL, 171, 261),
(239, NULL, 179, 286),
(240, NULL, 181, 47),
(241, NULL, 280, 318),
(242, NULL, 183, 262),
(243, NULL, 188, 334),
(244, NULL, 190, 259),
(245, NULL, 282, 7),
(246, NULL, 357, 7),
(247, NULL, 390, 7),
(248, NULL, 193, 142),
(249, NULL, 195, 92),
(250, NULL, 195, 188),
(251, NULL, 197, 297),
(252, NULL, 200, 54),
(253, NULL, 201, 60),
(254, NULL, 424, 351),
(255, NULL, 358, 351),
(256, NULL, 359, 351),
(257, NULL, 232, 351),
(258, NULL, 140, 351),
(259, NULL, 208, 73),
(260, NULL, 205, 245),
(261, NULL, 238, 5),
(262, NULL, 287, 5),
(263, NULL, 144, 5),
(264, NULL, 160, 5),
(265, NULL, 209, 189),
(266, NULL, 382, 189),
(267, NULL, 209, 203),
(268, NULL, 382, 203),
(269, NULL, 210, 291),
(270, NULL, 216, 323),
(271, NULL, 134, 251),
(272, NULL, 428, 251),
(273, NULL, 336, 251),
(274, NULL, 362, 251),
(275, NULL, 325, 251),
(276, NULL, 219, 186),
(277, NULL, 220, 339),
(278, NULL, 222, 241),
(279, NULL, 223, 341),
(280, NULL, 230, 51),
(281, NULL, 233, 46),
(282, NULL, 239, 37),
(283, NULL, 242, 34),
(284, NULL, 244, 234),
(285, NULL, 381, 243),
(286, NULL, 405, 243),
(287, NULL, 114, 243),
(288, NULL, 395, 243),
(289, NULL, 8, 243),
(290, NULL, 405, 18),
(291, NULL, 342, 18),
(292, NULL, 21, 18),
(293, NULL, 49, 18),
(294, NULL, 137, 18),
(295, NULL, 245, 256),
(296, NULL, 246, 118),
(297, NULL, 252, 50),
(298, NULL, 254, 206),
(299, NULL, 258, 79),
(300, NULL, 259, 12),
(301, NULL, 260, 280),
(302, NULL, 262, 110),
(303, NULL, 362, 110),
(304, NULL, 263, 338),
(305, NULL, 296, 175),
(306, NULL, 268, 175),
(307, NULL, 377, 175),
(308, NULL, 247, 175),
(309, NULL, 347, 175),
(310, NULL, 430, 175),
(311, NULL, 333, 175),
(312, NULL, 429, 175),
(313, NULL, 297, 175),
(314, NULL, 271, 138),
(315, NULL, 273, 257),
(316, NULL, 274, 32),
(317, NULL, 275, 298),
(318, NULL, 143, 298),
(319, NULL, 6, 298),
(320, NULL, 81, 298),
(321, NULL, 314, 298),
(322, NULL, 52, 298),
(323, NULL, 337, 298),
(324, NULL, 283, 217),
(325, NULL, 284, 152),
(326, NULL, 267, 123),
(327, NULL, 329, 123),
(328, NULL, 61, 123),
(329, NULL, 107, 123),
(330, NULL, 178, 123),
(331, NULL, 187, 123),
(332, NULL, 285, 27),
(333, NULL, 291, 59),
(334, NULL, 293, 200),
(335, NULL, 294, 349),
(336, NULL, 299, 135),
(337, NULL, 303, 154),
(338, NULL, 306, 309),
(339, NULL, 177, 15),
(340, NULL, 132, 15),
(341, NULL, 345, 15),
(342, NULL, 322, 15),
(343, NULL, 406, 15),
(344, NULL, 9, 15),
(345, NULL, 177, 184),
(346, NULL, 132, 184),
(347, NULL, 345, 184),
(348, NULL, 322, 184),
(349, NULL, 406, 184),
(350, NULL, 9, 184),
(351, NULL, 331, 35),
(352, NULL, 18, 35),
(353, NULL, 199, 35),
(354, NULL, 4, 35),
(355, NULL, 55, 35),
(356, NULL, 19, 35),
(357, NULL, 356, 88),
(358, NULL, 86, 88),
(359, NULL, 89, 88),
(360, NULL, 19, 88),
(361, NULL, 184, 88),
(362, NULL, 75, 88),
(363, NULL, 307, 205),
(364, NULL, 117, 205),
(365, NULL, 276, 205),
(366, NULL, 375, 205),
(367, NULL, 309, 260),
(368, NULL, 310, 260),
(369, NULL, 363, 169),
(370, NULL, 315, 74),
(371, NULL, 313, 74),
(372, NULL, 407, 74),
(373, NULL, 15, 74),
(374, NULL, 377, 74),
(375, NULL, 362, 74),
(376, NULL, 315, 266),
(377, NULL, 313, 266),
(378, NULL, 407, 266),
(379, NULL, 15, 266),
(380, NULL, 377, 266),
(381, NULL, 362, 266),
(382, NULL, 315, 354),
(383, NULL, 313, 354),
(384, NULL, 407, 354),
(385, NULL, 15, 354),
(386, NULL, 377, 354),
(387, NULL, 362, 354),
(388, NULL, 111, 199),
(389, NULL, 319, 195),
(390, NULL, 159, 195),
(391, NULL, 344, 195),
(392, NULL, 294, 195),
(393, NULL, 4, 195),
(394, NULL, 348, 195),
(395, NULL, 320, 67),
(396, NULL, 311, 6),
(397, NULL, 224, 6),
(398, NULL, 248, 6),
(399, NULL, 349, 6),
(400, NULL, 323, 182),
(401, NULL, 324, 111),
(402, NULL, 327, 210),
(403, NULL, 218, 306),
(404, NULL, 294, 306),
(405, NULL, 4, 306),
(406, NULL, 290, 306),
(407, NULL, 330, 342),
(408, NULL, 391, 342),
(409, NULL, 334, 28),
(410, NULL, 335, 352),
(411, NULL, 338, 26),
(412, NULL, 340, 4),
(413, NULL, 343, 278),
(414, NULL, 344, 198),
(415, NULL, 348, 194),
(416, NULL, 16, 11),
(417, NULL, 352, 346),
(418, NULL, 255, 2),
(419, NULL, 394, 2),
(420, NULL, 350, 2),
(421, NULL, 71, 2),
(422, NULL, 40, 2),
(423, NULL, 255, 192),
(424, NULL, 394, 192),
(425, NULL, 350, 192),
(426, NULL, 71, 192),
(427, NULL, 40, 192),
(428, NULL, 255, 300),
(429, NULL, 394, 300),
(430, NULL, 350, 300),
(431, NULL, 71, 300),
(432, NULL, 40, 300),
(433, NULL, 354, 85),
(434, NULL, 86, 85),
(435, NULL, 265, 85),
(436, NULL, 106, 85),
(437, NULL, 370, 85),
(438, NULL, 365, 279),
(439, NULL, 367, 313),
(440, NULL, 367, 283),
(441, NULL, 368, 53),
(442, NULL, 432, 53),
(443, NULL, 361, 53),
(444, NULL, 94, 53),
(445, NULL, 294, 292),
(446, NULL, 4, 292),
(447, NULL, 344, 292),
(448, NULL, 369, 43),
(449, NULL, 373, 160),
(450, NULL, 64, 52),
(451, NULL, 341, 52),
(452, NULL, 138, 52),
(453, NULL, 261, 52),
(454, NULL, 375, 307),
(455, NULL, 344, 302),
(456, NULL, 348, 302),
(457, NULL, 4, 302),
(458, NULL, 294, 302),
(459, NULL, 375, 302),
(460, NULL, 270, 302),
(461, NULL, 190, 302),
(462, NULL, 380, 107),
(463, NULL, 386, 109),
(464, NULL, 389, 109),
(465, NULL, 385, 109),
(466, NULL, 387, 109),
(467, NULL, 388, 109),
(468, NULL, 383, 49),
(469, NULL, 393, 335),
(470, NULL, 396, 336),
(471, NULL, 397, 229),
(472, NULL, 400, 196),
(473, NULL, 402, 86),
(474, NULL, 401, 187),
(475, NULL, 404, 29),
(476, NULL, 408, 144),
(477, NULL, 409, 134),
(478, NULL, 410, 76),
(479, NULL, 412, 310),
(480, NULL, 217, 310),
(481, NULL, 376, 310),
(482, NULL, 416, 207),
(483, NULL, 420, 246),
(484, NULL, 425, 108),
(485, NULL, 427, 281),
(486, NULL, 317, 202),
(487, NULL, 168, 202),
(488, NULL, 194, 202),
(489, NULL, 428, 84),
(490, NULL, 200, 61),
(491, NULL, 72, 61),
(492, NULL, 265, 61),
(493, NULL, 353, 61),
(494, NULL, 377, 315),
(495, NULL, 296, 315),
(496, NULL, 2, 315),
(497, NULL, 268, 315),
(498, NULL, 174, 315),
(499, NULL, 298, 315),
(500, NULL, 430, 315),
(501, NULL, 431, 21),
(502, NULL, 87, 21),
(503, NULL, 173, 21),
(504, NULL, 45, 21),
(505, NULL, 434, 20),
(506, NULL, 437, 183);

-- --------------------------------------------------------

--
-- Estructura de tabla para la tabla `detalleoferta`
--

CREATE TABLE IF NOT EXISTS `detalleoferta` (
  `iddetalleOferta` int(11) NOT NULL AUTO_INCREMENT,
  `idoferta` int(11) DEFAULT NULL,
  `idproducto` int(11) DEFAULT NULL,
  PRIMARY KEY (`iddetalleOferta`),
  KEY `fk_do_idoferta` (`idoferta`),
  KEY `fk_do_idproducto` (`idproducto`)
) ENGINE=InnoDB DEFAULT CHARSET=latin1 AUTO_INCREMENT=1 ;

-- --------------------------------------------------------

--
-- Estructura de tabla para la tabla `detallepromocion`
--

CREATE TABLE IF NOT EXISTS `detallepromocion` (
  `iddetallePromocion` int(11) NOT NULL AUTO_INCREMENT,
  `idpromocion` int(11) DEFAULT NULL,
  `idproducto` int(11) DEFAULT NULL,
  PRIMARY KEY (`iddetallePromocion`),
  KEY `fk_dt_idpromocion` (`idpromocion`),
  KEY `fk_dt_idproducto` (`idproducto`)
) ENGINE=InnoDB DEFAULT CHARSET=latin1 AUTO_INCREMENT=1 ;

-- --------------------------------------------------------

--
-- Estructura de tabla para la tabla `detallerubro`
--

CREATE TABLE IF NOT EXISTS `detallerubro` (
  `iddetalleRubro` int(11) NOT NULL AUTO_INCREMENT,
  `idtienda` int(11) DEFAULT NULL,
  `idrubro` int(11) DEFAULT NULL,
  PRIMARY KEY (`iddetalleRubro`),
  KEY `fk_dr_idtienda` (`idtienda`),
  KEY `fk_dr_idrubro` (`idrubro`)
) ENGINE=InnoDB  DEFAULT CHARSET=latin1 AUTO_INCREMENT=467 ;

--
-- Volcado de datos para la tabla `detallerubro`
--

INSERT INTO `detallerubro` (`iddetalleRubro`, `idtienda`, `idrubro`) VALUES
(1, 105, 1),
(2, 107, 1),
(3, 108, 1),
(4, 109, 1),
(5, 110, 1),
(6, 111, 1),
(7, 112, 1),
(8, 113, 1),
(9, 114, 1),
(10, 115, 1),
(11, 117, 1),
(12, 118, 1),
(13, 119, 1),
(14, 120, 1),
(15, 121, 1),
(16, 122, 1),
(17, 123, 1),
(18, 124, 1),
(19, 125, 1),
(20, 126, 1),
(21, 128, 1),
(22, 129, 1),
(23, 131, 1),
(24, 132, 1),
(25, 134, 1),
(26, 135, 1),
(27, 136, 1),
(28, 137, 1),
(29, 138, 1),
(30, 170, 1),
(31, 171, 1),
(32, 140, 1),
(33, 175, 2),
(34, 297, 2),
(35, 311, 7),
(36, 77, 3),
(37, 78, 3),
(38, 87, 2),
(39, 194, 3),
(40, 198, 3),
(41, 288, 3),
(42, 302, 3),
(43, 304, 2),
(44, 315, 2),
(45, 349, 3),
(46, 353, 2),
(47, 11, 2),
(48, 2, 17),
(49, 23, 17),
(50, 74, 17),
(51, 92, 17),
(52, 130, 17),
(53, 142, 17),
(54, 144, 17),
(55, 188, 17),
(56, 192, 17),
(57, 235, 17),
(58, 266, 17),
(59, 300, 17),
(60, 317, 17),
(61, 354, 17),
(62, 133, 18),
(63, 161, 18),
(64, 172, 18),
(65, 193, 18),
(66, 236, 18),
(67, 237, 18),
(68, 250, 18),
(69, 265, 18),
(70, 268, 18),
(71, 269, 18),
(72, 270, 18),
(73, 271, 18),
(74, 272, 18),
(75, 133, 19),
(76, 161, 19),
(77, 172, 19),
(78, 193, 19),
(79, 236, 19),
(80, 237, 19),
(81, 250, 19),
(82, 265, 19),
(83, 268, 19),
(84, 269, 19),
(85, 270, 19),
(86, 271, 19),
(87, 272, 19),
(88, 67, 2),
(89, 160, 20),
(90, 217, 20),
(91, 75, 22),
(92, 24, 22),
(93, 92, 22),
(94, 142, 22),
(95, 188, 22),
(96, 67, 22),
(97, 232, 20),
(98, 68, 23),
(99, 163, 23),
(100, 55, 23),
(101, 191, 23),
(102, 66, 23),
(103, 103, 23),
(104, 159, 23),
(105, 168, 23),
(106, 73, 23),
(107, 184, 23),
(108, 35, 23),
(109, 205, 23),
(110, 208, 23),
(111, 29, 3),
(112, 33, 3),
(113, 93, 4),
(114, 72, 23),
(115, 334, 4),
(116, 153, 22),
(117, 7, 5),
(118, 24, 5),
(119, 87, 5),
(120, 288, 5),
(121, 78, 3),
(122, 13, 6),
(123, 19, 6),
(124, 30, 6),
(125, 39, 6),
(126, 53, 6),
(127, 85, 6),
(128, 183, 6),
(129, 197, 6),
(130, 204, 6),
(131, 262, 6),
(132, 308, 6),
(133, 323, 6),
(134, 346, 6),
(135, 186, 7),
(136, 181, 7),
(137, 255, 8),
(138, 93, 9),
(139, 50, 9),
(140, 43, 9),
(141, 247, 6),
(142, 320, 8),
(143, 5, 10),
(144, 8, 10),
(145, 12, 10),
(146, 14, 10),
(147, 30, 10),
(148, 32, 10),
(149, 34, 10),
(150, 39, 10),
(151, 40, 10),
(152, 53, 10),
(153, 54, 10),
(154, 58, 10),
(155, 63, 10),
(156, 65, 10),
(157, 82, 10),
(158, 84, 10),
(159, 163, 10),
(160, 183, 10),
(161, 189, 10),
(162, 197, 10),
(163, 199, 10),
(164, 203, 10),
(165, 241, 10),
(166, 245, 10),
(167, 247, 10),
(168, 254, 10),
(169, 261, 10),
(170, 286, 10),
(171, 289, 10),
(172, 294, 10),
(173, 298, 10),
(174, 303, 10),
(175, 307, 10),
(176, 308, 10),
(177, 322, 10),
(178, 323, 10),
(179, 325, 10),
(180, 326, 10),
(181, 346, 10),
(182, 351, 10),
(183, 352, 10),
(184, 244, 10),
(185, 62, 10),
(186, 81, 10),
(187, 234, 11),
(188, 243, 11),
(189, 17, 12),
(190, 30, 12),
(191, 31, 12),
(192, 39, 12),
(193, 60, 12),
(194, 64, 12),
(195, 83, 12),
(196, 201, 12),
(197, 210, 12),
(198, 255, 12),
(199, 256, 12),
(200, 260, 12),
(201, 306, 12),
(202, 334, 12),
(203, 15, 13),
(204, 66, 13),
(205, 88, 13),
(206, 103, 13),
(207, 159, 13),
(208, 168, 13),
(209, 184, 13),
(210, 205, 13),
(211, 208, 13),
(212, 286, 13),
(213, 298, 13),
(214, 5, 14),
(215, 163, 14),
(216, 280, 14),
(217, 9, 15),
(218, 20, 15),
(219, 42, 15),
(220, 47, 15),
(221, 49, 15),
(222, 50, 15),
(223, 76, 15),
(224, 116, 15),
(225, 173, 15),
(226, 176, 15),
(227, 177, 15),
(228, 209, 15),
(229, 332, 15),
(230, 333, 15),
(231, 335, 15),
(232, 336, 15),
(233, 338, 15),
(234, 340, 15),
(235, 345, 15),
(236, 153, 24),
(237, 94, 25),
(238, 46, 26),
(239, 49, 26),
(240, 90, 26),
(241, 326, 26),
(242, 329, 26),
(243, 333, 26),
(244, 335, 26),
(245, 336, 26),
(246, 338, 26),
(247, 339, 26),
(248, 342, 26),
(249, 343, 26),
(250, 344, 26),
(251, 345, 26),
(252, 1, 27),
(253, 4, 27),
(254, 5, 27),
(255, 6, 27),
(256, 8, 27),
(257, 9, 27),
(258, 10, 27),
(259, 11, 27),
(260, 12, 27),
(261, 13, 27),
(262, 14, 27),
(263, 15, 27),
(264, 17, 27),
(265, 18, 27),
(266, 19, 27),
(267, 20, 27),
(268, 22, 27),
(269, 24, 27),
(270, 26, 27),
(271, 27, 27),
(272, 28, 27),
(273, 29, 27),
(274, 32, 27),
(275, 33, 27),
(276, 34, 27),
(277, 36, 27),
(278, 40, 27),
(279, 41, 27),
(280, 42, 27),
(281, 43, 27),
(282, 46, 27),
(283, 49, 27),
(284, 50, 27),
(285, 51, 27),
(286, 53, 27),
(287, 57, 27),
(288, 59, 27),
(289, 60, 27),
(290, 61, 27),
(291, 62, 27),
(292, 63, 27),
(293, 64, 27),
(294, 65, 27),
(295, 66, 27),
(296, 67, 27),
(297, 68, 27),
(298, 73, 27),
(299, 75, 27),
(300, 76, 27),
(301, 77, 27),
(302, 78, 27),
(303, 79, 27),
(304, 80, 27),
(305, 81, 27),
(306, 82, 27),
(307, 83, 27),
(308, 84, 27),
(309, 85, 27),
(310, 86, 27),
(311, 87, 27),
(312, 88, 27),
(313, 89, 27),
(314, 90, 27),
(315, 91, 27),
(316, 103, 27),
(317, 105, 27),
(318, 106, 27),
(319, 108, 27),
(320, 112, 27),
(321, 116, 27),
(322, 120, 27),
(323, 121, 27),
(324, 123, 27),
(325, 124, 27),
(326, 129, 27),
(327, 131, 27),
(328, 133, 27),
(329, 135, 27),
(330, 139, 27),
(331, 144, 27),
(332, 148, 27),
(333, 151, 27),
(334, 154, 27),
(335, 157, 27),
(336, 159, 27),
(337, 163, 27),
(338, 165, 27),
(339, 167, 27),
(340, 168, 27),
(341, 169, 27),
(342, 170, 27),
(343, 171, 27),
(344, 173, 27),
(345, 175, 27),
(346, 176, 27),
(347, 177, 27),
(348, 179, 27),
(349, 182, 27),
(350, 183, 27),
(351, 184, 27),
(352, 185, 27),
(353, 186, 27),
(354, 187, 27),
(355, 189, 27),
(356, 191, 27),
(357, 194, 27),
(358, 195, 27),
(359, 196, 27),
(360, 197, 27),
(361, 198, 27),
(362, 199, 27),
(363, 200, 27),
(364, 201, 27),
(365, 202, 27),
(366, 203, 27),
(367, 204, 27),
(368, 205, 27),
(369, 206, 27),
(370, 207, 27),
(371, 208, 27),
(372, 209, 27),
(373, 210, 27),
(374, 214, 27),
(375, 229, 27),
(376, 234, 27),
(377, 240, 27),
(378, 241, 27),
(379, 242, 27),
(380, 243, 27),
(381, 244, 27),
(382, 246, 27),
(383, 247, 27),
(384, 254, 27),
(385, 255, 27),
(386, 256, 27),
(387, 257, 27),
(388, 258, 27),
(389, 259, 27),
(390, 260, 27),
(391, 261, 27),
(392, 262, 27),
(393, 265, 27),
(394, 278, 27),
(395, 279, 27),
(396, 280, 27),
(397, 281, 27),
(398, 283, 27),
(399, 284, 27),
(400, 286, 27),
(401, 288, 27),
(402, 289, 27),
(403, 290, 27),
(404, 291, 27),
(405, 292, 27),
(406, 294, 27),
(407, 297, 27),
(408, 298, 27),
(409, 299, 27),
(410, 302, 27),
(411, 303, 27),
(412, 304, 27),
(413, 305, 27),
(414, 306, 27),
(415, 307, 27),
(416, 308, 27),
(417, 309, 27),
(418, 310, 27),
(419, 311, 27),
(420, 312, 27),
(421, 313, 27),
(422, 315, 27),
(423, 316, 27),
(424, 320, 27),
(425, 322, 27),
(426, 323, 27),
(427, 324, 27),
(428, 325, 27),
(429, 326, 27),
(430, 329, 27),
(431, 332, 27),
(432, 333, 27),
(433, 334, 27),
(434, 335, 27),
(435, 336, 27),
(436, 338, 27),
(437, 339, 27),
(438, 340, 27),
(439, 341, 27),
(440, 342, 27),
(441, 343, 27),
(442, 345, 27),
(443, 346, 27),
(444, 349, 27),
(445, 351, 27),
(446, 352, 27),
(447, 4, 16),
(448, 5, 16),
(449, 55, 16),
(450, 73, 16),
(451, 75, 16),
(452, 102, 16),
(453, 104, 16),
(454, 117, 16),
(455, 130, 16),
(456, 153, 16),
(457, 155, 16),
(458, 160, 16),
(459, 163, 16),
(460, 196, 16),
(461, 214, 16),
(462, 217, 16),
(463, 229, 16),
(464, 232, 16),
(465, 263, 16),
(466, 36, 7);

-- --------------------------------------------------------

--
-- Estructura de tabla para la tabla `detalletienda`
--

CREATE TABLE IF NOT EXISTS `detalletienda` (
  `iddetalleTienda` int(11) NOT NULL AUTO_INCREMENT,
  `idtienda` int(11) DEFAULT NULL,
  `idproducto` int(11) DEFAULT NULL,
  PRIMARY KEY (`iddetalleTienda`),
  KEY `fk_idtienda` (`idtienda`),
  KEY `fk_idproducto` (`idproducto`)
) ENGINE=InnoDB  DEFAULT CHARSET=latin1 AUTO_INCREMENT=877 ;

--
-- Volcado de datos para la tabla `detalletienda`
--

INSERT INTO `detalletienda` (`iddetalleTienda`, `idtienda`, `idproducto`) VALUES
(1, 288, 422),
(2, 288, 66),
(3, 288, 5),
(4, 77, 321),
(5, 77, 49),
(6, 77, 24),
(7, 77, 216),
(8, 77, 215),
(9, 77, 318),
(10, 308, 83),
(11, 308, 120),
(12, 214, 334),
(13, 214, 337),
(14, 68, 423),
(15, 68, 331),
(16, 68, 29),
(17, 68, 93),
(18, 68, 436),
(19, 180, 45),
(20, 180, 115),
(21, 180, 85),
(22, 180, 84),
(23, 16, 384),
(24, 16, 385),
(25, 16, 280),
(26, 16, 96),
(27, 16, 363),
(28, 16, 338),
(29, 140, 371),
(30, 140, 14),
(31, 140, 196),
(32, 140, 207),
(33, 140, 198),
(34, 353, 392),
(35, 353, 20),
(36, 353, 40),
(37, 353, 391),
(38, 353, 364),
(39, 58, 2),
(40, 58, 62),
(41, 58, 147),
(42, 58, 113),
(43, 321, 370),
(44, 321, 352),
(45, 321, 113),
(46, 321, 369),
(47, 25, 354),
(48, 25, 252),
(49, 25, 436),
(50, 25, 427),
(51, 236, 142),
(52, 236, 136),
(53, 236, 363),
(54, 236, 143),
(55, 236, 142),
(56, 272, 136),
(57, 272, 141),
(58, 272, 143),
(59, 161, 142),
(60, 161, 136),
(61, 161, 363),
(62, 161, 141),
(63, 161, 143),
(64, 237, 142),
(65, 237, 136),
(66, 237, 363),
(67, 237, 141),
(68, 237, 143),
(69, 250, 142),
(70, 250, 136),
(71, 250, 363),
(72, 250, 141),
(73, 250, 143),
(74, 270, 142),
(75, 270, 136),
(76, 270, 363),
(77, 270, 143),
(78, 270, 142),
(79, 271, 136),
(80, 271, 363),
(81, 271, 143),
(82, 271, 142),
(83, 172, 136),
(84, 172, 363),
(85, 172, 143),
(86, 172, 142),
(87, 193, 136),
(88, 193, 363),
(89, 193, 141),
(90, 193, 143),
(91, 268, 142),
(92, 268, 136),
(93, 268, 363),
(94, 268, 141),
(95, 268, 143),
(96, 269, 142),
(97, 269, 136),
(98, 269, 363),
(99, 269, 290),
(100, 269, 402),
(101, 30, 200),
(102, 30, 93),
(103, 30, 63),
(104, 30, 427),
(105, 30, 438),
(106, 39, 200),
(107, 39, 93),
(108, 39, 63),
(109, 39, 77),
(110, 39, 2),
(111, 178, 416),
(112, 178, 2),
(113, 314, 134),
(114, 314, 362),
(115, 133, 282),
(116, 133, 112),
(117, 204, 386),
(118, 204, 106),
(119, 204, 83),
(120, 204, 37),
(121, 204, 49),
(122, 33, 57),
(123, 33, 427),
(124, 33, 319),
(125, 33, 327),
(126, 33, 144),
(127, 31, 176),
(128, 31, 47),
(129, 31, 2),
(130, 31, 341),
(131, 31, 275),
(132, 201, 103),
(133, 201, 83),
(134, 201, 368),
(135, 201, 427),
(136, 201, 45),
(137, 179, 23),
(138, 179, 63),
(139, 179, 26),
(140, 179, 22),
(141, 9, 295),
(142, 9, 360),
(143, 9, 202),
(144, 9, 316),
(145, 9, 202),
(146, 9, 60),
(147, 42, 295),
(148, 42, 360),
(149, 42, 202),
(150, 42, 316),
(151, 42, 202),
(152, 42, 60),
(153, 173, 43),
(154, 173, 268),
(155, 173, 253),
(156, 173, 138),
(157, 173, 436),
(158, 173, 359),
(159, 174, 51),
(160, 174, 52),
(161, 174, 431),
(162, 174, 430),
(163, 17, 429),
(164, 17, 432),
(165, 17, 290),
(166, 17, 91),
(167, 344, 315),
(168, 344, 43),
(169, 344, 199),
(170, 344, 18),
(171, 332, 324),
(172, 332, 43),
(173, 332, 329),
(174, 332, 199),
(175, 332, 164),
(176, 343, 43),
(177, 343, 221),
(178, 343, 287),
(179, 343, 51),
(180, 343, 359),
(181, 239, 52),
(182, 239, 436),
(183, 239, 51),
(184, 244, 198),
(185, 244, 35),
(186, 41, 40),
(187, 41, 263),
(188, 41, 11),
(189, 41, 397),
(190, 41, 367),
(191, 163, 137),
(192, 163, 185),
(193, 163, 2),
(194, 75, 20),
(195, 75, 266),
(196, 75, 59),
(197, 75, 283),
(198, 75, 63),
(199, 62, 380),
(200, 62, 86),
(201, 62, 307),
(202, 62, 412),
(203, 62, 415),
(204, 126, 373),
(205, 22, 105),
(206, 22, 317),
(207, 22, 356),
(208, 87, 398),
(209, 87, 114),
(210, 87, 436),
(211, 87, 13),
(212, 10, 112),
(213, 10, 63),
(214, 10, 170),
(215, 10, 120),
(216, 10, 94),
(217, 24, 184),
(218, 119, 15),
(219, 119, 36),
(220, 119, 271),
(221, 119, 40),
(222, 119, 81),
(223, 119, 132),
(224, 119, 309),
(225, 89, 227),
(226, 89, 171),
(227, 89, 411),
(228, 129, 411),
(229, 105, 365),
(230, 105, 410),
(231, 116, 350),
(232, 116, 90),
(233, 116, 104),
(234, 329, 28),
(235, 329, 426),
(236, 329, 53),
(237, 329, 117),
(238, 93, 1),
(239, 93, 393),
(240, 93, 98),
(241, 232, 265),
(242, 232, 348),
(243, 130, 400),
(244, 83, 294),
(245, 90, 202),
(246, 90, 360),
(247, 90, 427),
(248, 90, 416),
(249, 153, 131),
(250, 153, 192),
(251, 153, 328),
(252, 153, 136),
(253, 82, 48),
(254, 82, 234),
(255, 176, 86),
(256, 176, 124),
(257, 176, 202),
(258, 91, 2),
(259, 91, 376),
(260, 91, 251),
(261, 91, 73),
(262, 91, 92),
(263, 258, 305),
(264, 115, 264),
(265, 115, 298),
(266, 125, 264),
(267, 125, 298),
(268, 132, 264),
(269, 132, 298),
(270, 136, 264),
(271, 136, 298),
(272, 255, 347),
(273, 255, 228),
(274, 255, 93),
(275, 255, 25),
(276, 303, 22),
(277, 303, 2),
(278, 303, 347),
(279, 14, 83),
(280, 14, 213),
(281, 14, 118),
(282, 14, 358),
(283, 333, 287),
(284, 333, 202),
(285, 333, 164),
(286, 333, 360),
(287, 333, 118),
(288, 345, 222),
(289, 345, 43),
(290, 345, 316),
(291, 345, 179),
(292, 345, 10),
(293, 120, 12),
(294, 120, 55),
(295, 120, 21),
(296, 120, 160),
(297, 120, 60),
(298, 124, 12),
(299, 124, 55),
(300, 124, 21),
(301, 124, 160),
(302, 124, 60),
(303, 209, 161),
(304, 94, 413),
(305, 94, 215),
(306, 94, 106),
(307, 81, 83),
(308, 81, 318),
(309, 81, 176),
(310, 81, 191),
(311, 81, 215),
(312, 55, 106),
(313, 263, 265),
(314, 263, 321),
(315, 263, 103),
(316, 63, 264),
(317, 289, 93),
(318, 289, 2),
(319, 289, 163),
(320, 289, 262),
(321, 23, 416),
(322, 23, 154),
(323, 23, 224),
(324, 23, 7),
(325, 235, 25),
(326, 235, 416),
(327, 235, 154),
(328, 235, 224),
(329, 317, 7),
(330, 317, 25),
(331, 317, 416),
(332, 317, 154),
(333, 168, 423),
(334, 168, 146),
(335, 168, 284),
(336, 168, 233),
(337, 168, 330),
(338, 208, 256),
(339, 208, 208),
(340, 208, 284),
(341, 208, 256),
(342, 208, 137),
(343, 66, 246),
(344, 66, 293),
(345, 66, 189),
(346, 66, 331),
(347, 66, 257),
(348, 103, 246),
(349, 103, 293),
(350, 103, 189),
(351, 103, 331),
(352, 103, 257),
(353, 159, 258),
(354, 159, 259),
(355, 159, 261),
(356, 159, 260),
(357, 159, 215),
(358, 159, 106),
(359, 65, 83),
(360, 65, 176),
(361, 65, 47),
(362, 65, 83),
(363, 65, 83),
(364, 247, 318),
(365, 247, 280),
(366, 247, 386),
(367, 247, 96),
(368, 247, 44),
(369, 247, 215),
(370, 247, 404),
(371, 247, 2),
(372, 247, 51),
(373, 247, 52),
(374, 197, 64),
(375, 197, 70),
(376, 197, 314),
(377, 197, 347),
(378, 197, 217),
(379, 311, 14),
(380, 311, 19),
(381, 121, 196),
(382, 121, 32),
(383, 121, 3),
(384, 121, 411),
(385, 121, 275),
(386, 242, 63),
(387, 242, 285),
(388, 242, 57),
(389, 242, 159),
(390, 242, 251),
(391, 167, 133),
(392, 167, 193),
(393, 167, 195),
(394, 167, 135),
(395, 167, 119),
(396, 8, 343),
(397, 8, 86),
(398, 8, 279),
(399, 8, 411),
(400, 139, 411),
(401, 139, 33),
(402, 137, 82),
(403, 137, 215),
(404, 137, 106),
(405, 322, 83),
(406, 322, 318),
(407, 322, 176),
(408, 322, 101),
(409, 322, 108),
(410, 326, 43),
(411, 326, 281),
(412, 326, 433),
(413, 78, 375),
(414, 78, 264),
(415, 78, 186),
(416, 78, 51),
(417, 261, 93),
(418, 261, 102),
(419, 261, 436),
(420, 261, 52),
(421, 261, 51),
(422, 261, 436),
(423, 286, 52),
(424, 286, 359),
(425, 286, 225),
(426, 286, 33),
(427, 47, 204),
(428, 318, 65),
(429, 262, 76),
(430, 262, 63),
(431, 262, 112),
(432, 262, 50),
(433, 262, 130),
(434, 262, 220),
(435, 262, 178),
(436, 334, 325),
(437, 334, 43),
(438, 334, 221),
(439, 334, 347),
(440, 334, 93),
(441, 334, 77),
(442, 334, 187),
(443, 334, 245),
(444, 334, 88),
(445, 259, 49),
(446, 259, 93),
(447, 259, 264),
(448, 259, 61),
(449, 259, 274),
(450, 7, 42),
(451, 7, 223),
(452, 7, 401),
(453, 7, 267),
(454, 7, 177),
(455, 142, 126),
(456, 142, 162),
(457, 92, 206),
(458, 92, 272),
(459, 188, 206),
(460, 188, 272),
(461, 297, 270),
(462, 297, 4),
(463, 297, 434),
(464, 297, 435),
(465, 54, 102),
(466, 54, 63),
(467, 54, 280),
(468, 54, 83),
(469, 60, 436),
(470, 60, 195),
(471, 60, 427),
(472, 60, 427),
(473, 60, 372),
(474, 351, 416),
(475, 351, 2),
(476, 351, 366),
(477, 351, 411),
(478, 73, 318),
(479, 245, 280),
(480, 245, 78),
(481, 245, 47),
(482, 245, 174),
(483, 245, 99),
(484, 5, 16),
(485, 5, 367),
(486, 5, 355),
(487, 5, 355),
(488, 189, 31),
(489, 189, 2),
(490, 203, 31),
(491, 203, 2),
(492, 291, 93),
(493, 291, 123),
(494, 291, 411),
(495, 291, 215),
(496, 323, 83),
(497, 323, 386),
(498, 323, 2),
(499, 323, 419),
(500, 323, 240),
(501, 251, 162),
(502, 251, 300),
(503, 251, 326),
(504, 186, 347),
(505, 186, 22),
(506, 186, 336),
(507, 186, 360),
(508, 186, 287),
(509, 339, 168),
(510, 339, 221),
(511, 339, 43),
(512, 339, 307),
(513, 339, 54),
(514, 241, 379),
(515, 241, 323),
(516, 241, 287),
(517, 341, 43),
(518, 341, 360),
(519, 341, 411),
(520, 51, 249),
(521, 51, 205),
(522, 51, 169),
(523, 51, 27),
(524, 46, 43),
(525, 46, 291),
(526, 46, 231),
(527, 37, 230),
(528, 34, 82),
(529, 34, 238),
(530, 34, 396),
(531, 234, 39),
(532, 243, 140),
(533, 243, 139),
(534, 243, 95),
(535, 243, 288),
(536, 243, 349),
(537, 243, 229),
(538, 18, 443),
(539, 18, 111),
(540, 18, 140),
(541, 18, 378),
(542, 18, 413),
(543, 256, 425),
(544, 256, 368),
(545, 256, 318),
(546, 256, 271),
(547, 256, 242),
(548, 118, 15),
(549, 118, 342),
(550, 118, 346),
(551, 50, 389),
(552, 50, 222),
(553, 50, 402),
(554, 50, 83),
(555, 50, 280),
(556, 206, 318),
(557, 206, 96),
(558, 206, 406),
(559, 206, 107),
(560, 79, 377),
(561, 79, 93),
(562, 79, 47),
(563, 79, 405),
(564, 79, 388),
(565, 12, 106),
(566, 12, 321),
(567, 12, 318),
(568, 12, 299),
(569, 12, 273),
(570, 280, 250),
(571, 280, 247),
(572, 280, 296),
(573, 280, 411),
(574, 280, 411),
(575, 110, 199),
(576, 110, 287),
(577, 338, 164),
(578, 338, 43),
(579, 338, 221),
(580, 338, 2),
(581, 338, 218),
(582, 175, 125),
(583, 175, 215),
(584, 175, 318),
(585, 138, 254),
(586, 257, 283),
(587, 257, 86),
(588, 257, 307),
(589, 257, 380),
(590, 32, 79),
(591, 32, 254),
(592, 32, 63),
(593, 32, 302),
(594, 32, 137),
(595, 298, 243),
(596, 298, 215),
(597, 298, 318),
(598, 217, 395),
(599, 217, 209),
(600, 217, 211),
(601, 217, 100),
(602, 217, 128),
(603, 152, 2),
(604, 152, 262),
(605, 152, 271),
(606, 152, 242),
(607, 123, 15),
(608, 123, 36),
(609, 123, 436),
(610, 123, 93),
(611, 27, 427),
(612, 27, 83),
(613, 27, 280),
(614, 59, 386),
(615, 59, 46),
(616, 59, 96),
(617, 59, 2),
(618, 59, 98),
(619, 59, 210),
(620, 200, 93),
(621, 200, 25),
(622, 200, 215),
(623, 200, 87),
(624, 200, 428),
(625, 349, 433),
(626, 349, 411),
(627, 349, 318),
(628, 135, 413),
(629, 154, 345),
(630, 154, 408),
(631, 154, 275),
(632, 309, 436),
(633, 309, 57),
(634, 309, 195),
(635, 309, 235),
(636, 309, 237),
(637, 15, 236),
(638, 15, 235),
(639, 15, 237),
(640, 184, 236),
(641, 184, 235),
(642, 184, 237),
(643, 35, 236),
(644, 35, 235),
(645, 35, 237),
(646, 88, 236),
(647, 88, 235),
(648, 88, 237),
(649, 205, 236),
(650, 205, 235),
(651, 205, 237),
(652, 260, 278),
(653, 260, 188),
(654, 169, 194),
(655, 169, 164),
(656, 169, 163),
(657, 169, 262),
(658, 74, 416),
(659, 74, 154),
(660, 74, 224),
(661, 74, 294),
(662, 74, 202),
(663, 266, 416),
(664, 266, 154),
(665, 266, 224),
(666, 266, 294),
(667, 266, 202),
(668, 354, 416),
(669, 354, 154),
(670, 354, 224),
(671, 354, 294),
(672, 354, 202),
(673, 199, 400),
(674, 199, 60),
(675, 199, 43),
(676, 199, 427),
(677, 195, 121),
(678, 195, 206),
(679, 67, 4),
(680, 67, 272),
(681, 67, 361),
(682, 67, 43),
(683, 6, 304),
(684, 6, 303),
(685, 182, 137),
(686, 182, 411),
(687, 182, 436),
(688, 111, 112),
(689, 210, 280),
(690, 210, 318),
(691, 210, 103),
(692, 210, 427),
(693, 210, 318),
(694, 306, 195),
(695, 306, 321),
(696, 306, 312),
(697, 306, 56),
(698, 342, 43),
(699, 342, 287),
(700, 342, 164),
(701, 342, 51),
(702, 342, 52),
(703, 28, 102),
(704, 28, 70),
(705, 28, 427),
(706, 28, 368),
(707, 28, 318),
(708, 352, 372),
(709, 352, 9),
(710, 352, 321),
(711, 352, 427),
(712, 352, 436),
(713, 26, 83),
(714, 26, 320),
(715, 26, 280),
(716, 26, 30),
(717, 26, 137),
(718, 4, 367),
(719, 4, 172),
(720, 4, 156),
(721, 4, 413),
(722, 4, 318),
(723, 305, 215),
(724, 305, 403),
(725, 305, 2),
(726, 305, 335),
(727, 278, 427),
(728, 278, 417),
(729, 198, 409),
(730, 198, 57),
(731, 198, 318),
(732, 194, 427),
(733, 194, 49),
(734, 194, 272),
(735, 194, 2),
(736, 11, 390),
(737, 11, 411),
(738, 11, 353),
(739, 346, 2),
(740, 346, 163),
(741, 346, 262),
(742, 2, 416),
(743, 2, 154),
(744, 2, 224),
(745, 2, 267),
(746, 2, 280),
(747, 2, 318),
(748, 192, 416),
(749, 192, 154),
(750, 192, 224),
(751, 192, 267),
(752, 192, 280),
(753, 192, 318),
(754, 300, 416),
(755, 300, 154),
(756, 300, 224),
(757, 300, 267),
(758, 300, 280),
(759, 300, 318),
(760, 85, 195),
(761, 85, 45),
(762, 85, 427),
(763, 85, 158),
(764, 279, 201),
(765, 279, 255),
(766, 313, 43),
(767, 313, 221),
(768, 313, 38),
(769, 313, 127),
(770, 313, 245),
(771, 313, 88),
(772, 283, 43),
(773, 283, 221),
(774, 283, 38),
(775, 283, 127),
(776, 283, 245),
(777, 283, 88),
(778, 53, 49),
(779, 53, 93),
(780, 53, 264),
(781, 53, 427),
(782, 53, 5),
(783, 292, 118),
(784, 292, 316),
(785, 43, 168),
(786, 43, 101),
(787, 43, 387),
(788, 43, 276),
(789, 43, 351),
(790, 160, 277),
(791, 160, 339),
(792, 160, 173),
(793, 160, 116),
(794, 52, 437),
(795, 52, 439),
(796, 52, 427),
(797, 52, 63),
(798, 52, 427),
(799, 307, 436),
(800, 307, 200),
(801, 307, 37),
(802, 307, 87),
(803, 302, 248),
(804, 302, 57),
(805, 302, 427),
(806, 302, 411),
(807, 107, 411),
(808, 109, 383),
(809, 109, 43),
(810, 49, 164),
(811, 49, 175),
(812, 335, 43),
(813, 335, 322),
(814, 335, 287),
(815, 335, 312),
(816, 335, 43),
(817, 336, 56),
(818, 336, 407),
(819, 336, 122),
(820, 229, 43),
(821, 196, 165),
(822, 196, 374),
(823, 196, 110),
(824, 196, 286),
(825, 196, 93),
(826, 86, 25),
(827, 86, 115),
(828, 86, 310),
(829, 86, 72),
(830, 86, 70),
(831, 187, 71),
(832, 187, 69),
(833, 187, 67),
(834, 187, 355),
(835, 29, 382),
(836, 144, 411),
(837, 144, 269),
(838, 134, 34),
(839, 76, 129),
(840, 76, 406),
(841, 310, 83),
(842, 310, 386),
(843, 310, 150),
(844, 310, 148),
(845, 207, 197),
(846, 207, 441),
(847, 207, 435),
(848, 207, 51),
(849, 246, 359),
(850, 246, 93),
(851, 246, 217),
(852, 246, 214),
(853, 246, 357),
(854, 108, 2),
(855, 281, 145),
(856, 281, 183),
(857, 202, 137),
(858, 202, 190),
(859, 202, 215),
(860, 202, 318),
(861, 84, 106),
(862, 84, 45),
(863, 84, 176),
(864, 84, 413),
(865, 84, 68),
(866, 61, 125),
(867, 61, 266),
(868, 315, 301),
(869, 315, 420),
(870, 21, 203),
(871, 21, 109),
(872, 20, 43),
(873, 20, 360),
(874, 20, 421),
(875, 20, 418),
(876, 183, 2);

-- --------------------------------------------------------

--
-- Estructura de tabla para la tabla `estacionamiento`
--

CREATE TABLE IF NOT EXISTS `estacionamiento` (
  `idestacionamiento` int(11) NOT NULL AUTO_INCREMENT,
  `idnodo` int(11) DEFAULT NULL,
  `nombre` varchar(45) DEFAULT NULL,
  PRIMARY KEY (`idestacionamiento`),
  KEY `fk_estacionamiento_1` (`idnodo`)
) ENGINE=InnoDB DEFAULT CHARSET=latin1 AUTO_INCREMENT=1 ;

-- --------------------------------------------------------

--
-- Estructura de tabla para la tabla `login`
--

CREATE TABLE IF NOT EXISTS `login` (
  `idlogin` int(11) NOT NULL AUTO_INCREMENT,
  `user` varchar(45) DEFAULT NULL,
  `pass` varchar(45) DEFAULT NULL,
  PRIMARY KEY (`idlogin`)
) ENGINE=InnoDB DEFAULT CHARSET=latin1 AUTO_INCREMENT=1 ;

-- --------------------------------------------------------

--
-- Estructura de tabla para la tabla `logs`
--

CREATE TABLE IF NOT EXISTS `logs` (
  `idlogs` int(11) NOT NULL AUTO_INCREMENT,
  `logscol` varchar(45) DEFAULT NULL,
  PRIMARY KEY (`idlogs`)
) ENGINE=InnoDB DEFAULT CHARSET=latin1 AUTO_INCREMENT=1 ;

-- --------------------------------------------------------

--
-- Estructura de tabla para la tabla `marca`
--

CREATE TABLE IF NOT EXISTS `marca` (
  `idmarca` int(11) NOT NULL AUTO_INCREMENT,
  `nombre` varchar(45) DEFAULT NULL,
  PRIMARY KEY (`idmarca`)
) ENGINE=InnoDB  DEFAULT CHARSET=latin1 AUTO_INCREMENT=439 ;

--
-- Volcado de datos para la tabla `marca`
--

INSERT INTO `marca` (`idmarca`, `nombre`) VALUES
(1, '16hrs'),
(2, '4game'),
(3, 'Accessorize'),
(4, 'Adidas'),
(5, 'Afex'),
(6, 'Afrodita'),
(7, 'Alink'),
(8, 'Alo'),
(9, 'Amchi'),
(10, 'Americanino'),
(11, 'Amphora'),
(12, 'Amscam '),
(13, 'Andrea Rosseti'),
(14, 'Angelina Faccenda'),
(15, 'Aoc'),
(16, 'Apple'),
(17, 'Argos'),
(18, 'Arizona'),
(19, 'Arnette'),
(20, 'Arrow'),
(21, 'Artel'),
(22, 'Aseguradora Magallanes'),
(23, 'Atrevida'),
(24, 'Audiovan'),
(25, 'Autopista Vespucio Sur'),
(26, 'Avent'),
(27, 'Azaleia'),
(28, 'Bamers'),
(29, 'Banco De Chile'),
(30, 'Banco Estado'),
(31, 'Banco Falabella'),
(32, 'Banco Nova'),
(33, 'Banco Paris'),
(34, 'Banco Ripley'),
(35, 'Banco Santiago Santander'),
(36, 'Bariloche'),
(37, 'Bata'),
(38, 'Bavel'),
(39, 'Bb&B'),
(40, 'Bb2'),
(41, 'Bbva'),
(42, 'Bci'),
(43, 'Belkiu'),
(44, 'Bellota'),
(45, 'Ben 10'),
(46, 'Betspro'),
(47, 'Bh'),
(48, 'Biblioteca Viva'),
(49, 'Bic'),
(50, 'Big Bang'),
(51, 'Biocure'),
(52, 'Black '),
(53, 'Black And Blue'),
(54, 'Blackberry'),
(55, 'Bolle'),
(56, 'Bolsos'),
(57, 'Borghi'),
(58, 'Boutique Mex'),
(59, 'Bravíssimo'),
(60, 'Bresler'),
(61, 'Bridgestone'),
(62, 'Britax'),
(63, 'Brooks'),
(64, 'Broon Doss'),
(65, 'Bruno Rossi'),
(66, 'Bubble Gummers'),
(67, 'Bufalo Beef'),
(68, 'Buffet Express'),
(69, 'Bulova'),
(70, 'Burger King'),
(71, 'Cacharel'),
(72, 'Cad'),
(73, 'Caffarena'),
(74, 'Calandre'),
(75, 'Calvin Klein'),
(76, 'Cangaroos'),
(77, 'Cannon'),
(78, 'Capellini'),
(79, 'Car Meister'),
(80, 'Cardinale'),
(81, 'Carry'),
(82, 'Carteras Italianas'),
(83, 'Casa & Ideas'),
(84, 'Casa Pichara'),
(85, 'Casio'),
(86, 'Cat'),
(87, 'Cave Kids'),
(88, 'Cepech'),
(89, 'Chanel'),
(90, 'Chantelle'),
(91, 'Chantilly'),
(92, 'Chery'),
(93, 'Chevrolet'),
(94, 'Chic'),
(95, 'Chicco'),
(96, 'Chilexpress'),
(97, 'Chinawok'),
(98, 'Chuck E.Cheese''s'),
(99, 'Cic'),
(100, 'Cinemark'),
(101, 'Clínica Del Calzado'),
(102, 'Cluny'),
(103, 'Cmr'),
(104, 'Colgate'),
(105, 'Colloky'),
(106, 'Columbia'),
(107, 'Continental'),
(108, 'Converse'),
(109, 'Coppelia'),
(110, 'Correos Chile'),
(111, 'Cory'),
(112, 'Credichile'),
(113, 'Cushe'),
(114, 'Cyr'),
(115, 'Daily'),
(116, 'Dakota'),
(117, 'Davison'),
(118, 'De Togni'),
(119, 'Delicias'),
(120, 'Denon'),
(121, 'Depileasy'),
(122, 'Disean'),
(123, 'Disney'),
(124, 'Dleite'),
(125, 'Do It'),
(126, 'Dockers'),
(127, 'Doggis'),
(128, 'Dolores'),
(129, 'Domino'),
(130, 'Dunkin Donut''s'),
(131, 'Duoc'),
(132, 'Dyg'),
(133, 'Efesis'),
(134, 'Ellus'),
(135, 'Energy'),
(136, 'Epk'),
(137, 'Equalit'),
(138, 'Erase'),
(139, 'Essence'),
(140, 'Etinies'),
(141, 'Eucerin'),
(142, 'Eurocambio'),
(143, 'Europa'),
(144, 'Eurostil'),
(145, 'Everlast'),
(146, 'Exs'),
(147, 'Faced'),
(148, 'Fancy'),
(149, 'Farmacias Baum'),
(150, 'Fasa'),
(151, 'Fashion´S Park'),
(152, 'Ferouch'),
(153, 'Ferripaldi'),
(154, 'Feruch'),
(155, 'Festina'),
(156, 'Fiat'),
(157, 'Ficcus'),
(158, 'Fiesta Y Regalos'),
(159, 'Fila'),
(160, 'Finger Paint'),
(161, 'Fisher Price'),
(162, 'Flores'),
(163, 'Focal'),
(164, 'Ford '),
(165, 'Forum'),
(166, 'Fossil'),
(167, 'Foster'),
(168, 'Fresness'),
(169, 'Fritec'),
(170, 'Fritz'),
(171, 'Gacel'),
(172, 'Gema'),
(173, 'Generador Rex'),
(174, 'Genios '),
(175, 'Genius'),
(176, 'Gibson'),
(177, 'Gmo'),
(178, 'Good Year'),
(179, 'Gotta'),
(180, 'Great Wall'),
(181, 'Green Bull'),
(182, 'Grido, '),
(183, 'Guante'),
(184, 'Gucci'),
(185, 'Hafei'),
(186, 'Haima'),
(187, 'Hankook'),
(188, 'Happyland'),
(189, 'Hasbro'),
(190, 'Head'),
(191, 'Hering'),
(192, 'Hkollection'),
(193, 'Homcenter Sodimac'),
(194, 'Home'),
(195, 'Home Factory'),
(196, 'Honner'),
(197, 'Hp'),
(198, 'Huawey Mobile'),
(199, 'Hugo Boss'),
(200, 'Hush Puppies'),
(201, 'Hush Puppies Kids'),
(202, 'Hyundai'),
(203, 'I Phone'),
(204, 'Ibanez'),
(205, 'Imagen'),
(206, 'Incase'),
(207, 'Infanti'),
(208, 'Integramedica'),
(209, 'Intime'),
(210, 'Irol'),
(211, 'Isdin'),
(212, 'Itau'),
(213, 'Izod'),
(214, 'Jac Motors'),
(215, 'Jansport'),
(216, 'Jjo'),
(217, 'Jockey'),
(218, 'Jordan'),
(219, 'Joyas Barón'),
(220, 'Juan Maestro'),
(221, 'Kapot'),
(222, 'Kayser'),
(223, 'Kentucky Friend Chicken'),
(224, 'Kerastase'),
(225, 'Kia Carens'),
(226, 'Kia Morning'),
(227, 'Kia Rio 3'),
(228, 'Kia Rio 4'),
(229, 'Kia Rio 5'),
(230, 'Konica'),
(231, 'Korg'),
(232, 'Kr3w'),
(233, 'La Piccola Italia'),
(234, 'La Roche Posa'),
(235, 'La Rosa De Saron'),
(236, 'Laboratorio Chile'),
(237, 'Lady Ventury'),
(238, 'Lakine'),
(239, 'Lan'),
(240, 'Lavaseco 5a Sec'),
(241, 'Lego'),
(242, 'Levi´S'),
(243, 'Lg'),
(244, 'Librería Antartica'),
(245, 'Limonada'),
(246, 'Llantas Del Pacifico'),
(247, 'Logitech'),
(248, 'Loreal'),
(249, 'Lucas Bland Ford'),
(250, 'Madeline Gardner'),
(251, 'Mahindra'),
(252, 'Mamut'),
(253, 'Mapex'),
(254, 'Mario Haddad'),
(255, 'Marquis'),
(256, 'Massaje Express Spa'),
(257, 'Mattel'),
(258, 'Matthew'),
(259, 'Maui&Sons'),
(260, 'Max Style'),
(261, 'Maxmo'),
(262, 'Mazda'),
(263, 'Mc Donald''s'),
(264, 'Medipharm'),
(265, 'Merrel'),
(266, 'Mia'),
(267, 'Michelin'),
(268, 'Microsoft'),
(269, 'Mininas'),
(270, 'Mitre'),
(271, 'Mitsubishi'),
(272, 'Mobil'),
(273, 'Moletto'),
(274, 'Monarch'),
(275, 'Monix'),
(276, 'Montini'),
(277, 'Mori Lee'),
(278, 'Morin'),
(279, 'Mossimo'),
(280, 'Motorola, Samsung, Blackberry, Gsm, '),
(281, 'Motorola'),
(282, 'Moulinex'),
(283, 'Movistar'),
(284, 'Multiservice'),
(285, 'Naturalizer'),
(286, 'Neman'),
(287, 'Neo Extension'),
(288, 'Nero'),
(289, 'Neutrogena'),
(290, 'New Era'),
(291, 'Newman'),
(292, 'Ngx'),
(293, 'Nicopoly'),
(294, 'Nike'),
(295, 'Ninbus'),
(296, 'Nintendo'),
(297, 'Nintendo 3ds'),
(298, 'Nintendo DS'),
(299, 'Nissan'),
(300, 'Nokia'),
(301, 'North Star'),
(302, 'Nrg'),
(303, 'Nt+3'),
(304, 'Nuk'),
(305, 'Olego'),
(306, 'Opaline'),
(307, 'Opticas Schilling'),
(308, 'Oro Blue'),
(309, 'Osito'),
(310, 'Pabellon De La Construccion'),
(311, 'Palumbo'),
(312, 'Panama Jack'),
(313, 'Panasonic'),
(314, 'Pandora'),
(315, 'Paris'),
(316, 'Party'),
(317, 'Passion'),
(318, 'Passionata'),
(319, 'Patuelli'),
(320, 'Pcfactory'),
(321, 'Pedro Juan & Diego'),
(322, 'Pepe Jeans'),
(323, 'Perfúmame'),
(324, 'Peugeot'),
(325, 'Phillips'),
(326, 'Pigeon'),
(327, 'Pillin'),
(328, 'Pioneer'),
(329, 'Pirelli'),
(330, 'Pizza Hut'),
(331, 'Place Vendome'),
(332, 'Play Skool'),
(333, 'Playstation3'),
(334, 'Poeme'),
(335, 'Polemic'),
(336, 'Pollini'),
(337, 'Poseidon'),
(338, 'Potros'),
(339, 'Power'),
(340, 'Pre-Unic'),
(341, 'Pro-Rewind'),
(342, 'Proarte'),
(343, 'Pub Licity'),
(344, 'Puma'),
(345, 'Ralph '),
(346, 'Ray Ban'),
(347, 'Razer'),
(348, 'Rebook'),
(349, 'Redken'),
(350, 'Regatta'),
(351, 'Renault'),
(352, 'Rip Curl'),
(353, 'Rkf'),
(354, 'Rockford'),
(355, 'Ronald Joyce'),
(356, 'Rotter & Krauss'),
(357, 'Rowenta'),
(358, 'Rusty'),
(359, 'Rvca'),
(360, 'Salfa'),
(361, 'Samsonite'),
(362, 'Samsung'),
(363, 'San Camilo'),
(364, 'Santander Banefe'),
(365, 'Santo Demonio'),
(366, 'Sara'),
(367, 'Savory'),
(368, 'Saxoline'),
(369, 'Schop Dog'),
(370, 'Sebago'),
(371, 'Sei'),
(372, 'Selmark'),
(373, 'Sencillito'),
(374, 'Shell'),
(375, 'Skechers'),
(376, 'Sleep'),
(377, 'Sony'),
(378, 'Speck'),
(379, 'Sportlab'),
(380, 'Ssang Yong'),
(381, 'Stadler'),
(382, 'Status'),
(383, 'Sushi House'),
(384, 'Suzuki'),
(385, 'Suzuki Alto'),
(386, 'Suzuki Clerio'),
(387, 'Suzuki Gran Nomade'),
(388, 'Suzuki Gran Vitara'),
(389, 'Suzuki Sx4'),
(390, 'T-Fal'),
(391, 'Taco Bell'),
(392, 'Tarjeta Salco'),
(393, 'Tarragona'),
(394, 'Tatienne'),
(395, 'Tegmaph'),
(396, 'Telepizza'),
(397, 'Teletrak'),
(398, 'The Balm'),
(399, 'Timer'),
(400, 'Tobacco Store'),
(401, 'Todo Piel'),
(402, 'Todomoda'),
(403, 'Too'),
(404, 'Top'),
(405, 'Torre'),
(406, 'Toscani'),
(407, 'Toshiba'),
(408, 'Tottus'),
(409, 'Toyota'),
(410, 'Trendy'),
(411, 'Triace'),
(412, 'Trial'),
(413, 'Triumph'),
(414, 'Tronwell'),
(415, 'Tx7'),
(416, 'Umbro'),
(417, 'V2'),
(418, 'Vans'),
(419, 'Via Marte'),
(420, 'Vía Uno'),
(421, 'Vitamin Life'),
(422, 'Vitamina'),
(423, 'Vogue'),
(424, 'Volcom'),
(425, 'Volkswagen'),
(426, 'Volpantie'),
(427, 'Vox'),
(428, 'Wados'),
(429, 'Wii'),
(430, 'Xbox360'),
(431, 'Xception'),
(432, 'Xtrem'),
(433, 'Xtreme'),
(434, 'Xurros Café'),
(435, 'Yogen Fruz'),
(436, 'Zako'),
(437, 'Zara'),
(438, 'Zotie');

-- --------------------------------------------------------

--
-- Estructura de tabla para la tabla `mensaje`
--

CREATE TABLE IF NOT EXISTS `mensaje` (
  `idMensaje` int(11) NOT NULL AUTO_INCREMENT,
  `nombreUsuario` varchar(100) DEFAULT NULL,
  `mailUsuario` varchar(100) DEFAULT NULL,
  `fonoContacto` varchar(100) DEFAULT NULL,
  `mensaje` text,
  `idSubMotivo` int(11) DEFAULT NULL,
  PRIMARY KEY (`idMensaje`),
  KEY `fk_mensaje_subMotivo` (`idSubMotivo`)
) ENGINE=InnoDB DEFAULT CHARSET=latin1 AUTO_INCREMENT=1 ;

-- --------------------------------------------------------

--
-- Estructura de tabla para la tabla `motivo`
--

CREATE TABLE IF NOT EXISTS `motivo` (
  `idMotivo` int(11) NOT NULL AUTO_INCREMENT,
  `nombreMotivo` varchar(100) DEFAULT NULL,
  `idSubCategoria` int(11) DEFAULT NULL,
  PRIMARY KEY (`idMotivo`),
  KEY `fk_motivo_subCategoria` (`idSubCategoria`)
) ENGINE=InnoDB DEFAULT CHARSET=latin1 AUTO_INCREMENT=1 ;

-- --------------------------------------------------------

--
-- Estructura de tabla para la tabla `nodos`
--

CREATE TABLE IF NOT EXISTS `nodos` (
  `idnodo` int(11) NOT NULL AUTO_INCREMENT,
  `idcambiadorPiso` int(11) DEFAULT NULL,
  `ubicacionx` varchar(45) NOT NULL,
  `ubicaciony` varchar(45) NOT NULL,
  `piso` varchar(45) NOT NULL,
  `vecino1` int(11) DEFAULT NULL,
  `vecino2` int(11) DEFAULT NULL,
  `vecino3` int(11) DEFAULT NULL,
  `vecino4` int(11) DEFAULT NULL,
  `coordenadaReal` varchar(45) NOT NULL,
  PRIMARY KEY (`idnodo`),
  KEY `fk_nodos_1` (`idcambiadorPiso`)
) ENGINE=InnoDB  DEFAULT CHARSET=latin1 AUTO_INCREMENT=398 ;

--
-- Volcado de datos para la tabla `nodos`
--

INSERT INTO `nodos` (`idnodo`, `idcambiadorPiso`, `ubicacionx`, `ubicaciony`, `piso`, `vecino1`, `vecino2`, `vecino3`, `vecino4`, `coordenadaReal`) VALUES
(1, NULL, '169', '63', '1', 0, 0, 0, 0, '169_63'),
(2, NULL, '182', '117', '1', 0, 0, 0, 0, '182_117'),
(3, NULL, '193', '119', '1', 0, 0, 0, 0, '193_119'),
(4, NULL, '176', '120', '1', 0, 0, 0, 0, '176_120'),
(5, NULL, '177', '125', '1', 0, 0, 0, 0, '177_125'),
(6, NULL, '177', '128', '1', 0, 0, 0, 0, '177_128'),
(7, NULL, '179', '132', '1', 0, 0, 0, 0, '179_132'),
(8, NULL, '178', '136', '1', 0, 0, 0, 0, '178_136'),
(9, NULL, '178', '141', '1', 0, 0, 0, 0, '178_141'),
(10, NULL, '178', '145', '1', 0, 0, 0, 0, '178_145'),
(11, NULL, '178', '149', '1', 0, 0, 0, 0, '178_149'),
(12, NULL, '172', '162', '1', 0, 0, 0, 0, '172_162'),
(13, NULL, '168', '162', '1', 0, 0, 0, 0, '168_162'),
(14, NULL, '163', '162', '1', 0, 0, 0, 0, '163_162'),
(15, NULL, '159', '162', '1', 0, 0, 0, 0, '159_162'),
(16, NULL, '155', '162', '1', 0, 0, 0, 0, '155_162'),
(17, NULL, '151', '162', '1', 0, 0, 0, 0, '151_162'),
(18, NULL, '147', '162', '1', 0, 0, 0, 0, '147_162'),
(19, NULL, '144', '162', '1', 0, 0, 0, 0, '144_162'),
(20, NULL, '142', '161', '1', 0, 0, 0, 0, '142_161'),
(21, NULL, '139', '160', '1', 0, 0, 0, 0, '139_160'),
(22, NULL, '134', '160', '1', 0, 0, 0, 0, '134_160'),
(23, NULL, '132', '163', '1', 0, 0, 0, 0, '132_163'),
(24, NULL, '136', '166', '1', 0, 0, 0, 0, '136_166'),
(25, NULL, '146', '164', '1', 0, 0, 0, 0, '146_164'),
(26, NULL, '150', '164', '1', 0, 0, 0, 0, '150_164'),
(27, NULL, '152', '164', '1', 0, 0, 0, 0, '152_164'),
(28, NULL, '154', '164', '1', 0, 0, 0, 0, '154_164'),
(29, NULL, '156', '164', '1', 0, 0, 0, 0, '156_164'),
(30, NULL, '159', '164', '1', 0, 0, 0, 0, '159_164'),
(31, NULL, '162', '164', '1', 0, 0, 0, 0, '162_164'),
(32, NULL, '164', '164', '1', 0, 0, 0, 0, '164_164'),
(33, NULL, '167', '164', '1', 0, 0, 0, 0, '167_164'),
(34, NULL, '171', '164', '1', 0, 0, 0, 0, '171_164'),
(35, NULL, '177', '170', '1', 0, 0, 0, 0, '177_170'),
(36, NULL, '178', '176', '1', 0, 0, 0, 0, '178_176'),
(37, NULL, '178', '178', '1', 0, 0, 0, 0, '178_178'),
(38, NULL, '170', '173', '1', 0, 0, 0, 0, '170_173'),
(39, NULL, '178', '183', '1', 0, 0, 0, 0, '178_183'),
(40, NULL, '178', '189', '1', 0, 0, 0, 0, '178_189'),
(41, NULL, '178', '192', '1', 0, 0, 0, 0, '178_192'),
(42, NULL, '178', '195', '1', 0, 0, 0, 0, '178_195'),
(43, NULL, '170', '203', '1', 0, 0, 0, 0, '170_203'),
(44, NULL, '168', '210', '1', 0, 0, 0, 0, '168_210'),
(45, NULL, '164', '214', '1', 0, 0, 0, 0, '164_214'),
(46, NULL, '160', '223', '1', 0, 0, 0, 0, '160_223'),
(47, NULL, '158', '234', '1', 0, 0, 0, 0, '158_234'),
(48, NULL, '158', '246', '1', 0, 0, 0, 0, '158_246'),
(49, NULL, '189', '209', '1', 0, 0, 0, 0, '189_209'),
(50, NULL, '181', '195', '1', 0, 0, 0, 0, '181_195'),
(51, NULL, '181', '192', '1', 0, 0, 0, 0, '181_192'),
(52, NULL, '181', '189', '1', 0, 0, 0, 0, '181_189'),
(53, NULL, '181', '185', '1', 0, 0, 0, 0, '181_185'),
(54, NULL, '181', '180', '1', 0, 0, 0, 0, '181_180'),
(55, NULL, '181', '176', '1', 0, 0, 0, 0, '181_176'),
(56, NULL, '182', '168', '1', 0, 0, 0, 0, '182_168'),
(57, NULL, '184', '165', '1', 0, 0, 0, 0, '184_165'),
(58, NULL, '188', '165', '1', 0, 0, 0, 0, '188_165'),
(59, NULL, '193', '165', '1', 0, 0, 0, 0, '193_165'),
(60, NULL, '196', '165', '1', 0, 0, 0, 0, '196_165'),
(61, NULL, '200', '165', '1', 0, 0, 0, 0, '200_165'),
(62, NULL, '203', '165', '1', 0, 0, 0, 0, '203_165'),
(63, NULL, '205', '165', '1', 0, 0, 0, 0, '205_165'),
(64, NULL, '204', '165', '1', 0, 0, 0, 0, '204_165'),
(65, NULL, '213', '165', '1', 0, 0, 0, 0, '213_165'),
(66, NULL, '221', '169', '1', 0, 0, 0, 0, '221_169'),
(67, NULL, '221', '175', '1', 0, 0, 0, 0, '221_175'),
(68, NULL, '226', '183', '1', 0, 0, 0, 0, '226_183'),
(69, NULL, '194', '173', '1', 0, 0, 0, 0, '194_173'),
(70, NULL, '188', '173', '1', 0, 0, 0, 0, '188_173'),
(71, NULL, '190', '173', '1', 0, 0, 0, 0, '190_173'),
(72, NULL, '195', '184', '1', 0, 0, 0, 0, '195_184'),
(73, NULL, '201', '184', '1', 0, 0, 0, 0, '201_184'),
(74, NULL, '227', '163', '1', 0, 0, 0, 0, '227_163'),
(75, NULL, '226', '160', '1', 0, 0, 0, 0, '226_160'),
(76, NULL, '223', '160', '1', 0, 0, 0, 0, '223_160'),
(77, NULL, '214', '162', '1', 0, 0, 0, 0, '214_162'),
(78, NULL, '208', '162', '1', 0, 0, 0, 0, '208_162'),
(79, NULL, '204', '162', '1', 0, 0, 0, 0, '204_162'),
(80, NULL, '201', '162', '1', 0, 0, 0, 0, '201_162'),
(81, NULL, '197', '162', '1', 0, 0, 0, 0, '197_162'),
(82, NULL, '192', '162', '1', 0, 0, 0, 0, '192_162'),
(83, NULL, '188', '162', '1', 0, 0, 0, 0, '188_162'),
(84, NULL, '183', '161', '1', 0, 0, 0, 0, '183_161'),
(85, NULL, '181', '152', '1', 0, 0, 0, 0, '181_152'),
(86, NULL, '181', '143', '1', 0, 0, 0, 0, '181_143'),
(87, NULL, '181', '141', '1', 0, 0, 0, 0, '181_141'),
(88, NULL, '181', '136', '1', 0, 0, 0, 0, '181_136'),
(89, NULL, '181', '132', '1', 0, 0, 0, 0, '181_132'),
(90, NULL, '182', '129', '1', 0, 0, 0, 0, '182_129'),
(91, NULL, '182', '125', '1', 0, 0, 0, 0, '182_125'),
(92, NULL, '188', '147', '1', 0, 0, 0, 0, '188_147'),
(93, NULL, '173', '154', '1', 0, 0, 0, 0, '173_154'),
(94, NULL, '271', '236', '1', 0, 0, 0, 0, '271_236'),
(95, NULL, '293', '227', '1', 0, 0, 0, 0, '293_227'),
(96, NULL, '287', '227', '1', 0, 0, 0, 0, '287_227'),
(97, NULL, '284', '227', '1', 0, 0, 0, 0, '284_227'),
(98, NULL, '281', '227', '1', 0, 0, 0, 0, '281_227'),
(99, NULL, '278', '227', '1', 0, 0, 0, 0, '278_227'),
(100, NULL, '276', '216', '1', 0, 0, 0, 0, '276_216'),
(101, NULL, '281', '216', '1', 0, 0, 0, 0, '281_216'),
(102, NULL, '286', '216', '1', 0, 0, 0, 0, '286_216'),
(103, NULL, '289', '214', '1', 0, 0, 0, 0, '289_214'),
(104, NULL, '275', '194', '1', 0, 0, 0, 0, '275_194'),
(105, NULL, '273', '175', '1', 0, 0, 0, 0, '273_175'),
(106, NULL, '274', '164', '1', 0, 0, 0, 0, '274_164'),
(107, NULL, '275', '154', '1', 0, 0, 0, 0, '275_154'),
(108, NULL, '275', '143', '1', 0, 0, 0, 0, '275_143'),
(109, NULL, '275', '134', '1', 0, 0, 0, 0, '275_134'),
(110, NULL, '274', '122', '1', 0, 0, 0, 0, '274_122'),
(111, NULL, '273', '112', '1', 0, 0, 0, 0, '273_112'),
(112, NULL, '271', '98', '1', 0, 0, 0, 0, '271_98'),
(113, NULL, '297', '91', '1', 0, 0, 0, 0, '297_91'),
(114, NULL, '271', '91', '1', 0, 0, 0, 0, '271_91'),
(115, NULL, '283', '68', '1', 0, 0, 0, 0, '283_68'),
(116, NULL, '280', '45', '1', 0, 0, 0, 0, '280_45'),
(117, NULL, '219', '18', '1', 0, 0, 0, 0, '219_18'),
(118, NULL, '239', '18', '1', 0, 0, 0, 0, '239_18'),
(119, NULL, '259', '18', '1', 0, 0, 0, 0, '259_18'),
(120, NULL, '271', '17', '1', 0, 0, 0, 0, '271_17'),
(121, NULL, '277', '17', '1', 0, 0, 0, 0, '277_17'),
(122, NULL, '286', '17', '1', 0, 0, 0, 0, '286_17'),
(123, NULL, '293', '17', '1', 0, 0, 0, 0, '293_17'),
(124, NULL, '301', '17', '1', 0, 0, 0, 0, '301_17'),
(125, NULL, '306', '21', '1', 0, 0, 0, 0, '306_21'),
(126, NULL, '286', '45', '1', 0, 0, 0, 0, '286_45'),
(127, NULL, '301', '75', '1', 0, 0, 0, 0, '301_75'),
(128, NULL, '301', '86', '1', 0, 0, 0, 0, '301_86'),
(129, NULL, '285', '105', '1', 0, 0, 0, 0, '285_105'),
(130, NULL, '285', '111', '1', 0, 0, 0, 0, '285_111'),
(131, NULL, '286', '116', '1', 0, 0, 0, 0, '286_116'),
(132, NULL, '295', '117', '1', 0, 0, 0, 0, '295_117'),
(133, NULL, '287', '125', '1', 0, 0, 0, 0, '287_125'),
(134, NULL, '291', '139', '1', 0, 0, 0, 0, '291_139'),
(135, NULL, '291', '148', '1', 0, 0, 0, 0, '291_148'),
(136, NULL, '288', '154', '1', 0, 0, 0, 0, '288_154'),
(137, NULL, '288', '159', '1', 0, 0, 0, 0, '288_159'),
(138, NULL, '287', '166', '1', 0, 0, 0, 0, '287_166'),
(139, NULL, '285', '176', '1', 0, 0, 0, 0, '285_176'),
(140, NULL, '284', '180', '1', 0, 0, 0, 0, '284_180'),
(141, NULL, '67', '99', '1', 0, 0, 0, 0, '67_99'),
(142, NULL, '67', '137', '1', 0, 0, 0, 0, '67_137'),
(143, NULL, '59', '173', '1', 0, 0, 0, 0, '59_173'),
(144, NULL, '51', '182', '1', 0, 0, 0, 0, '51_182'),
(145, NULL, '55', '229', '1', 0, 0, 0, 0, '55_229'),
(146, NULL, '56', '229', '1', 0, 0, 0, 0, '56_229'),
(147, NULL, '58', '229', '1', 0, 0, 0, 0, '58_229'),
(148, NULL, '60', '229', '1', 0, 0, 0, 0, '60_229'),
(149, NULL, '53', '223', '1', 0, 0, 0, 0, '53_223'),
(150, NULL, '53', '219', '1', 0, 0, 0, 0, '53_219'),
(151, NULL, '61', '219', '1', 0, 0, 0, 0, '61_219'),
(152, NULL, '53', '218', '1', 0, 0, 0, 0, '53_218'),
(153, NULL, '61', '218', '1', 0, 0, 0, 0, '61_218'),
(154, NULL, '53', '216', '1', 0, 0, 0, 0, '53_216'),
(155, NULL, '53', '213', '1', 0, 0, 0, 0, '53_213'),
(156, NULL, '61', '213', '1', 0, 0, 0, 0, '61_213'),
(157, NULL, '53', '208', '1', 0, 0, 0, 0, '53_208'),
(158, NULL, '61', '208', '1', 0, 0, 0, 0, '61_208'),
(159, NULL, '53', '206', '1', 0, 0, 0, 0, '53_206'),
(160, NULL, '61', '206', '1', 0, 0, 0, 0, '61_206'),
(161, NULL, '53', '203', '1', 0, 0, 0, 0, '53_203'),
(162, NULL, '61', '203', '1', 0, 0, 0, 0, '61_203'),
(163, NULL, '53', '201', '1', 0, 0, 0, 0, '53_201'),
(164, NULL, '61', '201', '1', 0, 0, 0, 0, '61_201'),
(165, NULL, '53', '197', '1', 0, 0, 0, 0, '53_197'),
(166, NULL, '61', '198', '1', 0, 0, 0, 0, '61_198'),
(167, NULL, '53', '192', '1', 0, 0, 0, 0, '53_192'),
(168, NULL, '53', '187', '1', 0, 0, 0, 0, '53_187'),
(169, NULL, '273', '222', '1', 0, 0, 0, 0, '273_222'),
(170, NULL, '295', '112', '1', 0, 0, 0, 0, '295_112'),
(171, NULL, '294', '109', '1', 0, 0, 0, 0, '294_109'),
(172, NULL, '226', '160', '2', 0, 0, 0, 0, '226_160'),
(173, NULL, '223', '160', '2', 0, 0, 0, 0, '223_160'),
(174, NULL, '221', '160', '2', 0, 0, 0, 0, '221_160'),
(175, NULL, '219', '160', '2', 0, 0, 0, 0, '219_160'),
(176, NULL, '217', '160', '2', 0, 0, 0, 0, '217_160'),
(177, NULL, '215', '160', '2', 0, 0, 0, 0, '215_160'),
(178, NULL, '212', '160', '2', 0, 0, 0, 0, '212_160'),
(179, NULL, '204', '160', '2', 0, 0, 0, 0, '204_160'),
(180, NULL, '200', '160', '2', 0, 0, 0, 0, '200_160'),
(181, NULL, '197', '160', '2', 0, 0, 0, 0, '197_160'),
(182, NULL, '195', '160', '2', 0, 0, 0, 0, '195_160'),
(183, NULL, '188', '141', '2', 0, 0, 0, 0, '188_141'),
(184, NULL, '183', '144', '2', 0, 0, 0, 0, '183_144'),
(185, NULL, '183', '141', '2', 0, 0, 0, 0, '183_141'),
(186, NULL, '183', '129', '2', 0, 0, 0, 0, '183_129'),
(187, NULL, '183', '137', '2', 0, 0, 0, 0, '183_137'),
(188, NULL, '189', '132', '2', 0, 0, 0, 0, '189_132'),
(189, NULL, '184', '128', '2', 0, 0, 0, 0, '184_128'),
(190, NULL, '184', '125', '2', 0, 0, 0, 0, '184_125'),
(191, NULL, '184', '122', '2', 0, 0, 0, 0, '184_122'),
(192, NULL, '180', '118', '2', 0, 0, 0, 0, '180_118'),
(193, NULL, '169', '121', '2', 0, 0, 0, 0, '169_121'),
(194, NULL, '176', '127', '2', 0, 0, 0, 0, '176_127'),
(195, NULL, '176', '132', '2', 0, 0, 0, 0, '176_132'),
(196, NULL, '176', '135', '2', 0, 0, 0, 0, '176_135'),
(197, NULL, '176', '141', '2', 0, 0, 0, 0, '176_141'),
(198, NULL, '176', '146', '2', 0, 0, 0, 0, '176_146'),
(199, NULL, '176', '153', '2', 0, 0, 0, 0, '176_153'),
(200, NULL, '173', '159', '2', 0, 0, 0, 0, '173_159'),
(201, NULL, '168', '160', '2', 0, 0, 0, 0, '168_160'),
(202, NULL, '166', '160', '2', 0, 0, 0, 0, '166_160'),
(203, NULL, '164', '160', '2', 0, 0, 0, 0, '164_160'),
(204, NULL, '162', '160', '2', 0, 0, 0, 0, '162_160'),
(205, NULL, '160', '160', '2', 0, 0, 0, 0, '160_160'),
(206, NULL, '158', '160', '2', 0, 0, 0, 0, '158_160'),
(207, NULL, '155', '160', '2', 0, 0, 0, 0, '155_160'),
(208, NULL, '150', '160', '2', 0, 0, 0, 0, '150_160'),
(209, NULL, '146', '160', '2', 0, 0, 0, 0, '146_160'),
(210, NULL, '141', '159', '2', 0, 0, 0, 0, '141_159'),
(211, NULL, '141', '151', '2', 0, 0, 0, 0, '141_151'),
(212, NULL, '143', '147', '2', 0, 0, 0, 0, '143_147'),
(213, NULL, '146', '145', '2', 0, 0, 0, 0, '146_145'),
(214, NULL, '153', '146', '2', 0, 0, 0, 0, '153_146'),
(215, NULL, '157', '146', '2', 0, 0, 0, 0, '157_146'),
(216, NULL, '162', '146', '2', 0, 0, 0, 0, '162_146'),
(217, NULL, '161', '136', '2', 0, 0, 0, 0, '161_136'),
(218, NULL, '148', '140', '2', 0, 0, 0, 0, '148_140'),
(219, NULL, '148', '131', '2', 0, 0, 0, 0, '148_131'),
(220, NULL, '155', '135', '2', 0, 0, 0, 0, '155_135'),
(221, NULL, '157', '133', '2', 0, 0, 0, 0, '157_133'),
(222, NULL, '147', '129', '2', 0, 0, 0, 0, '147_129'),
(223, NULL, '150', '129', '2', 0, 0, 0, 0, '150_129'),
(224, NULL, '152', '129', '2', 0, 0, 0, 0, '152_129'),
(225, NULL, '155', '128', '2', 0, 0, 0, 0, '155_128'),
(226, NULL, '157', '124', '2', 0, 0, 0, 0, '157_124'),
(227, NULL, '157', '122', '2', 0, 0, 0, 0, '157_122'),
(228, NULL, '157', '119', '2', 0, 0, 0, 0, '157_119'),
(229, NULL, '155', '116', '2', 0, 0, 0, 0, '155_116'),
(230, NULL, '147', '115', '2', 0, 0, 0, 0, '147_115'),
(231, NULL, '145', '115', '2', 0, 0, 0, 0, '145_115'),
(232, NULL, '139', '131', '2', 0, 0, 0, 0, '139_131'),
(233, NULL, '138', '146', '2', 0, 0, 0, 0, '138_146'),
(234, NULL, '137', '159', '2', 0, 0, 0, 0, '137_159'),
(235, NULL, '133', '163', '2', 0, 0, 0, 0, '133_163'),
(236, NULL, '135', '167', '2', 0, 0, 0, 0, '135_167'),
(237, NULL, '143', '179', '2', 0, 0, 0, 0, '143_179'),
(238, NULL, '144', '167', '2', 0, 0, 0, 0, '144_167'),
(239, NULL, '146', '167', '2', 0, 0, 0, 0, '146_167'),
(240, NULL, '148', '167', '2', 0, 0, 0, 0, '148_167'),
(241, NULL, '151', '167', '2', 0, 0, 0, 0, '151_167'),
(242, NULL, '155', '167', '2', 0, 0, 0, 0, '155_167'),
(243, NULL, '160', '167', '2', 0, 0, 0, 0, '160_167'),
(244, NULL, '164', '167', '2', 0, 0, 0, 0, '164_167'),
(245, NULL, '166', '167', '2', 0, 0, 0, 0, '166_167'),
(246, NULL, '168', '167', '2', 0, 0, 0, 0, '168_167'),
(247, NULL, '176', '168', '2', 0, 0, 0, 0, '176_168'),
(248, NULL, '168', '173', '2', 0, 0, 0, 0, '168_173'),
(249, NULL, '171', '173', '2', 0, 0, 0, 0, '171_173'),
(250, NULL, '153', '192', '2', 0, 0, 0, 0, '153_192'),
(251, NULL, '181', '168', '2', 0, 0, 0, 0, '181_168'),
(252, NULL, '193', '175', '2', 0, 0, 0, 0, '193_175'),
(253, NULL, '186', '173', '2', 0, 0, 0, 0, '186_173'),
(254, NULL, '188', '167', '2', 0, 0, 0, 0, '188_167'),
(255, NULL, '192', '167', '2', 0, 0, 0, 0, '192_167'),
(256, NULL, '195', '167', '2', 0, 0, 0, 0, '195_167'),
(257, NULL, '197', '167', '2', 0, 0, 0, 0, '197_167'),
(258, NULL, '199', '167', '2', 0, 0, 0, 0, '199_167'),
(259, NULL, '203', '167', '2', 0, 0, 0, 0, '203_167'),
(260, NULL, '205', '167', '2', 0, 0, 0, 0, '205_167'),
(261, NULL, '208', '167', '2', 0, 0, 0, 0, '208_167'),
(262, NULL, '212', '167', '2', 0, 0, 0, 0, '212_167'),
(263, NULL, '215', '167', '2', 0, 0, 0, 0, '215_167'),
(264, NULL, '222', '167', '2', 0, 0, 0, 0, '222_167'),
(265, NULL, '227', '167', '2', 0, 0, 0, 0, '227_167'),
(266, NULL, '227', '163', '2', 0, 0, 0, 0, '227_163'),
(267, NULL, '222', '178', '2', 0, 0, 0, 0, '222_178'),
(268, NULL, '141', '199', '2', 0, 0, 0, 0, '141_199'),
(269, NULL, '141', '203', '2', 0, 0, 0, 0, '141_203'),
(270, NULL, '141', '214', '2', 0, 0, 0, 0, '141_214'),
(271, NULL, '141', '221', '2', 0, 0, 0, 0, '141_221'),
(272, NULL, '141', '227', '2', 0, 0, 0, 0, '141_227'),
(273, NULL, '141', '233', '2', 0, 0, 0, 0, '141_233'),
(274, NULL, '152', '236', '2', 0, 0, 0, 0, '152_236'),
(275, NULL, '158', '226', '2', 0, 0, 0, 0, '158_226'),
(276, NULL, '160', '221', '2', 0, 0, 0, 0, '160_221'),
(277, NULL, '165', '212', '2', 0, 0, 0, 0, '165_212'),
(278, NULL, '159', '210', '2', 0, 0, 0, 0, '159_210'),
(279, NULL, '156', '217', '2', 0, 0, 0, 0, '156_217'),
(280, NULL, '225', '160', '3', 0, 0, 0, 0, '225_160'),
(281, NULL, '221', '160', '3', 0, 0, 0, 0, '221_160'),
(282, NULL, '218', '160', '3', 0, 0, 0, 0, '218_160'),
(283, NULL, '216', '160', '3', 0, 0, 0, 0, '216_160'),
(284, NULL, '212', '160', '3', 0, 0, 0, 0, '212_160'),
(285, NULL, '207', '160', '3', 0, 0, 0, 0, '207_160'),
(286, NULL, '203', '160', '3', 0, 0, 0, 0, '203_160'),
(287, NULL, '201', '160', '3', 0, 0, 0, 0, '201_160'),
(288, NULL, '197', '160', '3', 0, 0, 0, 0, '197_160'),
(289, NULL, '192', '160', '3', 0, 0, 0, 0, '192_160'),
(290, NULL, '185', '158', '3', 0, 0, 0, 0, '185_158'),
(291, NULL, '183', '151', '3', 0, 0, 0, 0, '183_151'),
(292, NULL, '183', '148', '3', 0, 0, 0, 0, '183_148'),
(293, NULL, '183', '143', '3', 0, 0, 0, 0, '183_143'),
(294, NULL, '183', '137', '3', 0, 0, 0, 0, '183_137'),
(295, NULL, '183', '133', '3', 0, 0, 0, 0, '183_133'),
(296, NULL, '183', '131', '3', 0, 0, 0, 0, '183_131'),
(297, NULL, '183', '129', '3', 0, 0, 0, 0, '183_129'),
(298, NULL, '183', '126', '3', 0, 0, 0, 0, '183_126'),
(299, NULL, '183', '123', '3', 0, 0, 0, 0, '183_123'),
(300, NULL, '180', '117', '3', 0, 0, 0, 0, '180_117'),
(301, NULL, '176', '119', '3', 0, 0, 0, 0, '176_119'),
(302, NULL, '176', '127', '3', 0, 0, 0, 0, '176_127'),
(303, NULL, '176', '132', '3', 0, 0, 0, 0, '176_132'),
(304, NULL, '176', '137', '3', 0, 0, 0, 0, '176_137'),
(305, NULL, '176', '143', '3', 0, 0, 0, 0, '176_143'),
(306, NULL, '176', '147', '3', 0, 0, 0, 0, '176_147'),
(307, NULL, '176', '151', '3', 0, 0, 0, 0, '176_151'),
(308, NULL, '176', '158', '3', 0, 0, 0, 0, '176_158'),
(309, NULL, '164', '160', '3', 0, 0, 0, 0, '164_160'),
(310, NULL, '158', '160', '3', 0, 0, 0, 0, '158_160'),
(311, NULL, '154', '160', '3', 0, 0, 0, 0, '154_160'),
(312, NULL, '151', '160', '3', 0, 0, 0, 0, '151_160'),
(313, NULL, '148', '160', '3', 0, 0, 0, 0, '148_160'),
(314, NULL, '146', '160', '3', 0, 0, 0, 0, '146_160'),
(315, NULL, '143', '160', '3', 0, 0, 0, 0, '143_160'),
(316, NULL, '134', '160', '3', 0, 0, 0, 0, '134_160'),
(317, NULL, '132', '164', '3', 0, 0, 0, 0, '132_164'),
(318, NULL, '133', '167', '3', 0, 0, 0, 0, '133_167'),
(319, NULL, '136', '167', '3', 0, 0, 0, 0, '136_167'),
(320, NULL, '139', '167', '3', 0, 0, 0, 0, '139_167'),
(321, NULL, '145', '167', '3', 0, 0, 0, 0, '145_167'),
(322, NULL, '152', '167', '3', 0, 0, 0, 0, '152_167'),
(323, NULL, '159', '167', '3', 0, 0, 0, 0, '159_167'),
(324, NULL, '163', '167', '3', 0, 0, 0, 0, '163_167'),
(325, NULL, '169', '167', '3', 0, 0, 0, 0, '169_167'),
(326, NULL, '171', '175', '3', 0, 0, 0, 0, '171_175'),
(327, NULL, '162', '176', '3', 0, 0, 0, 0, '162_176'),
(328, NULL, '161', '177', '3', 0, 0, 0, 0, '161_177'),
(329, NULL, '169', '178', '3', 0, 0, 0, 0, '169_178'),
(330, NULL, '169', '180', '3', 0, 0, 0, 0, '169_180'),
(331, NULL, '163', '183', '3', 0, 0, 0, 0, '163_183'),
(332, NULL, '169', '183', '3', 0, 0, 0, 0, '169_183'),
(333, NULL, '169', '187', '3', 0, 0, 0, 0, '169_187'),
(334, NULL, '164', '191', '3', 0, 0, 0, 0, '164_191'),
(335, NULL, '169', '129', '3', 0, 0, 0, 0, '169_129'),
(336, NULL, '169', '197', '3', 0, 0, 0, 0, '169_197'),
(337, NULL, '178', '176', '3', 0, 0, 0, 0, '178_176'),
(338, NULL, '188', '197', '3', 0, 0, 0, 0, '188_197'),
(339, NULL, '188', '193', '3', 0, 0, 0, 0, '188_193'),
(340, NULL, '188', '190', '3', 0, 0, 0, 0, '188_190'),
(341, NULL, '188', '187', '3', 0, 0, 0, 0, '188_187'),
(342, NULL, '188', '183', '3', 0, 0, 0, 0, '188_183'),
(343, NULL, '188', '181', '3', 0, 0, 0, 0, '188_181'),
(344, NULL, '188', '178', '3', 0, 0, 0, 0, '188_178'),
(345, NULL, '186', '175', '3', 0, 0, 0, 0, '186_175'),
(346, NULL, '189', '167', '3', 0, 0, 0, 0, '189_167'),
(347, NULL, '195', '176', '3', 0, 0, 0, 0, '195_176'),
(348, NULL, '195', '175', '3', 0, 0, 0, 0, '195_175'),
(349, NULL, '200', '167', '3', 0, 0, 0, 0, '200_167'),
(350, NULL, '207', '167', '3', 0, 0, 0, 0, '207_167'),
(351, NULL, '212', '167', '3', 0, 0, 0, 0, '212_167'),
(352, NULL, '220', '167', '3', 0, 0, 0, 0, '220_167'),
(353, NULL, '225', '167', '3', 0, 0, 0, 0, '225_167'),
(354, NULL, '227', '163', '3', 0, 0, 0, 0, '227_163'),
(355, 1, '186', '117', '1', 0, 0, 0, 0, '186_117'),
(356, 2, '178', '123', '1', 0, 0, 0, 0, '178_123'),
(357, 3, '181', '123', '1', 0, 0, 0, 0, '181_123'),
(358, 4, '175', '163', '1', 0, 0, 0, 0, '175_163'),
(359, 5, '143', '162', '1', 0, 0, 0, 0, '143_162'),
(360, 6, '143', '164', '1', 0, 0, 0, 0, '143_164'),
(361, 7, '185', '163', '1', 0, 0, 0, 0, '185_163'),
(362, 8, '217', '162', '1', 0, 0, 0, 0, '217_162'),
(363, 9, '217', '164', '1', 0, 0, 0, 0, '217_164'),
(364, 10, '154', '229', '1', 0, 0, 0, 0, '154_229'),
(365, 11, '142', '168', '1', 0, 0, 0, 0, '142_168'),
(366, 12, '192', '175', '1', 0, 0, 0, 0, '192_175'),
(367, 13, '218', '168', '1', 0, 0, 0, 0, '218_168'),
(368, 14, '180', '161', '1', 0, 0, 0, 0, '180_161'),
(369, 15, '186', '117', '2', 0, 0, 0, 0, '186_117'),
(370, 16, '178', '123', '2', 0, 0, 0, 0, '178_123'),
(371, 17, '181', '123', '2', 0, 0, 0, 0, '181_123'),
(372, 18, '175', '163', '2', 0, 0, 0, 0, '175_163'),
(373, 19, '143', '162', '2', 0, 0, 0, 0, '143_162'),
(374, 20, '143', '164', '2', 0, 0, 0, 0, '143_164'),
(375, 21, '185', '163', '2', 0, 0, 0, 0, '185_163'),
(376, 22, '217', '162', '2', 0, 0, 0, 0, '217_162'),
(377, 23, '217', '164', '2', 0, 0, 0, 0, '217_164'),
(378, 24, '154', '229', '2', 0, 0, 0, 0, '154_229'),
(379, 25, '142', '168', '2', 0, 0, 0, 0, '142_168'),
(380, 26, '192', '175', '2', 0, 0, 0, 0, '192_175'),
(381, 27, '218', '168', '2', 0, 0, 0, 0, '218_168'),
(382, 28, '180', '161', '2', 0, 0, 0, 0, '180_161'),
(383, 29, '186', '117', '3', 0, 0, 0, 0, '186_117'),
(384, 30, '178', '123', '3', 0, 0, 0, 0, '178_123'),
(385, 31, '181', '123', '3', 0, 0, 0, 0, '181_123'),
(386, 32, '175', '163', '3', 0, 0, 0, 0, '175_163'),
(387, 33, '143', '162', '3', 0, 0, 0, 0, '143_162'),
(388, 34, '143', '164', '3', 0, 0, 0, 0, '143_164'),
(389, 35, '185', '163', '3', 0, 0, 0, 0, '185_163'),
(390, 36, '217', '162', '3', 0, 0, 0, 0, '217_162'),
(391, 37, '217', '164', '3', 0, 0, 0, 0, '217_164'),
(392, 38, '154', '229', '3', 0, 0, 0, 0, '154_229'),
(393, 39, '142', '168', '3', 0, 0, 0, 0, '142_168'),
(394, 40, '192', '175', '3', 0, 0, 0, 0, '192_175'),
(395, 41, '218', '168', '3', 0, 0, 0, 0, '218_168'),
(396, 42, '180', '161', '3', 0, 0, 0, 0, '180_161'),
(397, NULL, '180', '163', '2', 0, 0, 0, 0, '180_163');

-- --------------------------------------------------------

--
-- Estructura de tabla para la tabla `oferta`
--

CREATE TABLE IF NOT EXISTS `oferta` (
  `idoferta` int(11) NOT NULL AUTO_INCREMENT,
  `nombre` varchar(45) DEFAULT NULL,
  `oferta` text,
  `stock` int(11) DEFAULT NULL,
  `idtienda` int(11) DEFAULT NULL,
  PRIMARY KEY (`idoferta`),
  KEY `fk_of_idtienda` (`idtienda`)
) ENGINE=InnoDB DEFAULT CHARSET=latin1 AUTO_INCREMENT=1 ;

-- --------------------------------------------------------

--
-- Estructura de tabla para la tabla `perfilusuario`
--

CREATE TABLE IF NOT EXISTS `perfilusuario` (
  `idPerfilUsuario` int(11) NOT NULL AUTO_INCREMENT COMMENT 'identificador',
  `id_usuario` int(11) NOT NULL COMMENT 'id del usuario para vincular registro',
  `modulo` varchar(30) NOT NULL COMMENT 'nombre de funcionalidad o modulo',
  `credencial` tinyint(4) NOT NULL COMMENT 'estado, denegado o autorizado',
  PRIMARY KEY (`idPerfilUsuario`),
  UNIQUE KEY `id_usuario` (`id_usuario`,`modulo`),
  KEY `fk_perfilUsuario_usuario1` (`id_usuario`)
) ENGINE=MyISAM DEFAULT CHARSET=latin1 AUTO_INCREMENT=1 ;

-- --------------------------------------------------------

--
-- Estructura de tabla para la tabla `producto`
--

CREATE TABLE IF NOT EXISTS `producto` (
  `idproducto` int(11) NOT NULL AUTO_INCREMENT,
  `nombre` varchar(45) DEFAULT NULL,
  `genero` varchar(45) NOT NULL,
  `tipo` varchar(45) NOT NULL,
  PRIMARY KEY (`idproducto`)
) ENGINE=InnoDB  DEFAULT CHARSET=latin1 AUTO_INCREMENT=444 ;

--
-- Volcado de datos para la tabla `producto`
--

INSERT INTO `producto` (`idproducto`, `nombre`, `genero`, `tipo`) VALUES
(1, '3d', '', ''),
(2, 'Accesorios', '', ''),
(3, 'Accesorios automotrices', '', ''),
(4, 'Accesorios computacion', '', ''),
(5, 'Accesorios deportivos', '', ''),
(6, 'Accesorios femeninos', '', ''),
(7, 'Accesorios para fiestas', '', ''),
(8, 'Accesorios para mujer y hombre', '', ''),
(9, 'Accesorios skate', '', ''),
(10, 'Aceite', '', ''),
(11, 'Acordeones', '', ''),
(12, 'Aditivos para automoviles', '', ''),
(13, 'Aerosoles', '', ''),
(14, 'Alarmas', '', ''),
(15, 'Alineacion', '', ''),
(16, 'Alisadoras', '', ''),
(17, 'Almohadas', '', ''),
(18, 'Almuerzo', '', ''),
(19, 'Alzavidrios', '', ''),
(20, 'Amplificadores', '', ''),
(21, 'Ampolletas', '', ''),
(22, 'Anillos', '', ''),
(23, 'Anteojos', '', ''),
(24, 'Anteojos de sol', '', ''),
(25, 'Aros', '', ''),
(26, 'Aros, anillos, pulseras, collares', '', ''),
(27, 'Arreglo florales', '', ''),
(28, 'Arrollados', '', ''),
(29, 'Articulos deportivos', '', ''),
(30, 'Articulos hogar', '', ''),
(31, 'Audífonos', '', ''),
(32, 'Audios', '', ''),
(33, 'Automoviles', '', ''),
(34, 'Autos', '', ''),
(35, 'Bajos', '', ''),
(36, 'Balanceo', '', ''),
(37, 'Balones', '', ''),
(38, 'Barquillos', '', ''),
(39, 'Bastidores', '', ''),
(40, 'Baterías', '', ''),
(41, 'Batidora', '', ''),
(42, 'Batidos', '', ''),
(43, 'Bebidas', '', ''),
(44, 'Bermudas', '', ''),
(45, 'Billeteras', '', ''),
(46, 'Blazer', '', ''),
(47, 'Blusas', '', ''),
(48, 'Body', '', ''),
(49, 'Bolsos', '', ''),
(50, 'Bolsos de cuero', '', ''),
(51, 'Botas', '', ''),
(52, 'Botines', '', ''),
(53, 'Box spring', '', ''),
(54, 'Boxer', '', ''),
(55, 'Bujias', '', ''),
(56, 'Burritos', '', ''),
(57, 'Buzos', '', ''),
(58, 'Cable', '', ''),
(59, 'Cables', '', ''),
(60, 'Café', '', ''),
(61, 'Cafetera', '', ''),
(62, 'Calcetas', '', ''),
(63, 'Calcetines', '', ''),
(64, 'Calzado de fiesta', '', ''),
(65, 'Calzado de vestir', '', ''),
(66, 'Calzado deportivo', '', ''),
(67, 'Calzado descanso', '', ''),
(68, 'Calzado femenino', '', ''),
(69, 'Calzado fiesta', '', ''),
(70, 'Calzado formal', '', ''),
(71, 'Calzado informal', '', ''),
(72, 'Calzado mujer', '', ''),
(73, 'Calzado nacional', '', ''),
(74, 'Calzado niña', '', ''),
(75, 'Calzado niño', '', ''),
(76, 'Calzado tipo zapatillas', '', ''),
(77, 'Calzados', '', ''),
(78, 'Calzas', '', ''),
(79, 'Calzon', '', ''),
(80, 'Camaras', '', ''),
(81, 'Cambio de aceite', '', ''),
(82, 'Camionetas', '', ''),
(83, 'Camisas', '', ''),
(84, 'Camisas sport', '', ''),
(85, 'Camiseria', '', ''),
(86, 'Camisetas', '', ''),
(87, 'Camisetas de futbol', '', ''),
(88, 'Candados', '', ''),
(89, 'Cargadores', '', ''),
(90, 'Carne mongoliana', '', ''),
(91, 'Carnes', '', ''),
(92, 'Carnes a la parrilla', '', ''),
(93, 'Carteras', '', ''),
(94, 'Carteras de cuero', '', ''),
(95, 'Cartones', '', ''),
(96, 'Casacas', '', ''),
(97, 'Celebracion de cumpleaños', '', ''),
(98, 'Celulares', '', ''),
(99, 'Cepillos', '', ''),
(100, 'Cerraduras', '', ''),
(101, 'Cervezas', '', ''),
(102, 'Chalas', '', ''),
(103, 'Chalecos', '', ''),
(104, 'Chapsui de pollo', '', ''),
(105, 'Chaques', '', ''),
(106, 'Chaquetas', '', ''),
(107, 'Chaquetas de cuero', '', ''),
(108, 'Churrascos', '', ''),
(109, 'Churros tradicionales', '', ''),
(110, 'Cigarros', '', ''),
(111, 'Cintas adhesivas', '', ''),
(112, 'Cinturones', '', ''),
(113, 'Coches', '', ''),
(114, 'Cojines', '', ''),
(115, 'Collares', '', ''),
(116, 'Combustibles', '', ''),
(117, 'Comedores', '', ''),
(118, 'Completos', '', ''),
(119, 'Compra inteligente', '', ''),
(120, 'Compra y venta moneda internacional', '', ''),
(121, 'Computadores', '', ''),
(122, 'Confites', '', ''),
(123, 'Conjuntos', '', ''),
(124, 'Conos', '', ''),
(125, 'Consolas', '', ''),
(126, 'Construccion', '', ''),
(127, 'Copas helado', '', ''),
(128, 'Copias de llaves', '', ''),
(129, 'Corbatas', '', ''),
(130, 'Cordones', '', ''),
(131, 'Correspondencia', '', ''),
(132, 'Cortinas', '', ''),
(133, 'Cotillón', '', ''),
(134, 'Credito automotriz', '', ''),
(135, 'Credito convencional', '', ''),
(136, 'Creditos', '', ''),
(137, 'Cremas', '', ''),
(138, 'Croissant', '', ''),
(139, 'Cuadernillos', '', ''),
(140, 'Cuadernos', '', ''),
(141, 'Cuentas corrientes', '', ''),
(142, 'Cuentas de ahorro', '', ''),
(143, 'Cuentas vista', '', ''),
(144, 'Cuentos', '', ''),
(145, 'Cuidado de la piel', '', ''),
(146, 'Cuidado personal', '', ''),
(147, 'Cunas', '', ''),
(148, 'Cursos de aleman', '', ''),
(149, 'Cursos de frances', '', ''),
(150, 'Cursos de ingles', '', ''),
(151, 'Cursos de italiano', '', ''),
(152, 'Cursos de portugues', '', ''),
(153, 'Depilación', '', ''),
(154, 'Deporte', '', ''),
(155, 'Descontracturantes', '', ''),
(156, 'Detergente', '', ''),
(157, 'Diccionarios', '', ''),
(158, 'Discoteque', '', ''),
(159, 'Disfraces', '', ''),
(160, 'Donuts and late', '', ''),
(161, 'Educación', '', ''),
(162, 'Electrodomesticos', '', ''),
(163, 'Electronica', '', ''),
(164, 'Empanadas', '', ''),
(165, 'Encendedores', '', ''),
(166, 'Enciclopedia', '', ''),
(167, 'Encomiendas', '', ''),
(168, 'Ensaladas', '', ''),
(169, 'Envio de flores', '', ''),
(170, 'Escobillas', '', ''),
(171, 'Esculturas', '', ''),
(172, 'Esmalte', '', ''),
(173, 'Estacion de servicio', '', ''),
(174, 'Extensiones', '', ''),
(175, 'Fajitas', '', ''),
(176, 'Faldas', '', ''),
(177, 'Ferreteria', '', ''),
(178, 'Fichas juego', '', ''),
(179, 'Filtros', '', ''),
(180, 'Flores de bach', '', ''),
(181, 'Flores frescas', '', ''),
(182, 'Formatos digitales', '', ''),
(183, 'Fragancias', '', ''),
(184, 'Frenos', '', ''),
(185, 'Fuentes de poder', '', ''),
(186, 'Gacel', '', ''),
(187, 'Gafas', '', ''),
(188, 'Galletas', '', ''),
(189, 'Gasas', '', ''),
(190, 'Geles', '', ''),
(191, 'Gimnasio', '', ''),
(192, 'Giros', '', ''),
(193, 'Globos', '', ''),
(194, 'Golosinas', '', ''),
(195, 'Gorros', '', ''),
(196, 'Gps', '', ''),
(197, 'Guantes', '', ''),
(198, 'Guitarras', '', ''),
(199, 'Hamburguesas', '', ''),
(200, 'Hawaianas', '', ''),
(201, 'Heladeria', '', ''),
(202, 'Helados', '', ''),
(203, 'Helados de fruta natural', '', ''),
(204, 'Helados, cafes, galletas, pasteles', '', ''),
(205, 'Impresiones fotograficas', '', ''),
(206, 'Impresoras', '', ''),
(207, 'Instrumentos musicales', '', ''),
(208, 'Insumos', '', ''),
(209, 'Internet', '', ''),
(210, 'Internet movil', '', ''),
(211, 'Internet portatil', '', ''),
(212, 'Jabones', '', ''),
(213, 'Jacket', '', ''),
(214, 'Jardin infantil', '', ''),
(215, 'Jeans', '', ''),
(216, 'Jockey', '', ''),
(217, 'Joyas', '', ''),
(218, 'Juegos', '', ''),
(219, 'Juegos de mesa', '', ''),
(220, 'Juegos infantiles', '', ''),
(221, 'Jugos', '', ''),
(222, 'Jugos naturales', '', ''),
(223, 'Juguera', '', ''),
(224, 'Juguetes', '', ''),
(225, 'Karaoke, bailable, happy hour', '', ''),
(226, 'Labiales', '', ''),
(227, 'Lámparas', '', ''),
(228, 'Lapiceria', '', ''),
(229, 'Lapices', '', ''),
(230, 'Lavado y secado de veston', '', ''),
(231, 'Lavanderia', '', ''),
(232, 'Leasing', '', ''),
(233, 'Leche', '', ''),
(234, 'Lencería', '', ''),
(235, 'Lentes', '', ''),
(236, 'Lentes de sol', '', ''),
(237, 'Lentes opticos', '', ''),
(238, 'Libros', '', ''),
(239, 'Libros entretenimiento', '', ''),
(240, 'Linea blanca', '', ''),
(241, 'Literatura general', '', ''),
(242, 'Llantas', '', ''),
(243, 'Lociones', '', ''),
(244, 'Loza', '', ''),
(245, 'Maletas', '', ''),
(246, 'Mamaderas', '', ''),
(247, 'Manicure', '', ''),
(248, 'Maquinas de ejercicios', '', ''),
(249, 'Marcos', '', ''),
(250, 'Masajes de reduccion', '', ''),
(251, 'Mascaras', '', ''),
(252, 'Mecedoras', '', ''),
(253, 'Media luna', '', ''),
(254, 'Medias', '', ''),
(255, 'Medias luna', '', ''),
(256, 'Medicamentos', '', ''),
(257, 'Medicamentos ansioliticos', '', ''),
(258, 'Medicamentos para insomnio', '', ''),
(259, 'Medicamentos transito lento', '', ''),
(260, 'Medicamentos ulceras', '', ''),
(261, 'Medicamentos varices', '', ''),
(262, 'Menaje', '', ''),
(263, 'Micrófonos', '', ''),
(264, 'Mochilas', '', ''),
(265, 'Modem internet', '', ''),
(266, 'Mouse', '', ''),
(267, 'Muebles', '', ''),
(268, 'Muffyns', '', ''),
(269, 'Muñecas', '', ''),
(270, 'Netbook', '', ''),
(271, 'Neumaticos', '', ''),
(272, 'Notebook', '', ''),
(273, 'Nutricionista', '', ''),
(274, 'Ollas', '', ''),
(275, 'Ositos', '', ''),
(276, 'Pago de cuentas', '', ''),
(277, 'Pago isp', '', ''),
(278, 'Pan ', '', ''),
(279, 'Pantaleta', '', ''),
(280, 'Pantalones', '', ''),
(281, 'Pantalones de trekking', '', ''),
(282, 'Pantalones de vestir', '', ''),
(283, 'Pantys', '', ''),
(284, 'Pañales', '', ''),
(285, 'Pañales de tela', '', ''),
(286, 'Pañuelos', '', ''),
(287, 'Papas fritas', '', ''),
(288, 'Papeles', '', ''),
(289, 'Parlantes', '', ''),
(290, 'Parrilladas', '', ''),
(291, 'Pasajes aereos', '', ''),
(292, 'Pastas', '', ''),
(293, 'Pastas dentales', '', ''),
(294, 'Pasteles', '', ''),
(295, 'Pasteleria', '', ''),
(296, 'Pedicura', '', ''),
(297, 'Peliculas 35 mm', '', ''),
(298, 'Peluches', '', ''),
(299, 'Peluqueria', '', ''),
(300, 'Pendientes', '', ''),
(301, 'Pendrive', '', ''),
(302, 'Perfumes', '', ''),
(303, 'Perfumes hombre', '', ''),
(304, 'Perfumes mujer', '', ''),
(305, 'Pescados', '', ''),
(306, 'Piedras calientes', '', ''),
(307, 'Pijamas', '', ''),
(308, 'Pilas', '', ''),
(309, 'Piletas', '', ''),
(310, 'Pinches', '', ''),
(311, 'Pistas', '', ''),
(312, 'Pizzas', '', ''),
(313, 'Planes de telefonía', '', ''),
(314, 'Plantillas', '', ''),
(315, 'Platos naturistas', '', ''),
(316, 'Platos preparados', '', ''),
(317, 'Plumones', '', ''),
(318, 'Poleras', '', ''),
(319, 'Poleras deportivas', '', ''),
(320, 'Poleras piqué', '', ''),
(321, 'Polerones', '', ''),
(322, 'Pollo', '', ''),
(323, 'Pollo frito', '', ''),
(324, 'Postres', '', ''),
(325, 'Premios', '', ''),
(326, 'Prendedores', '', ''),
(327, 'Prestamo de libros e internet', '', ''),
(328, 'Preuniversitario', '', ''),
(329, 'Productos ligth', '', ''),
(330, 'Productos maternales', '', ''),
(331, 'Productos naturales', '', ''),
(332, 'Protectores', '', ''),
(333, 'Protectores, bluetooth, laminas, cargadores,,', '', ''),
(334, 'Proteinas', '', ''),
(335, 'Pub', '', ''),
(336, 'Pulseras', '', ''),
(337, 'Quemadores de grasa', '', ''),
(338, 'Radios', '', ''),
(339, 'Recargas celular', '', ''),
(340, 'Recibo y envio de dinero', '', ''),
(341, 'Recien nacidos', '', ''),
(342, 'Reductivo', '', ''),
(343, 'Reductoras', '', ''),
(344, 'Reflexologia podal', '', ''),
(345, 'Regalos', '', ''),
(346, 'Relajacion', '', ''),
(347, 'Relojes', '', ''),
(348, 'Reparacion calzado', '', ''),
(349, 'Resma', '', ''),
(350, 'Restaurant', '', ''),
(351, 'Retiro y cobro de cheques', '', ''),
(352, 'Ropa cama', '', ''),
(353, 'Ropa de nieve', '', ''),
(354, 'Ropa infantil', '', ''),
(355, 'Ropa interior', '', ''),
(356, 'Sabanas', '', ''),
(357, 'Sala cuna', '', ''),
(358, 'Salchipapas', '', ''),
(359, 'Sandalias', '', ''),
(360, 'Sandwich', '', ''),
(361, 'Sandwicheria', '', ''),
(362, 'Seguro automotriz', '', ''),
(363, 'Seguros', '', ''),
(364, 'Servicios automotriz', '', ''),
(365, 'Servicios de recaudacion', '', ''),
(366, 'Servicios de salud', '', ''),
(367, 'Shampoo', '', ''),
(368, 'Shorts', '', ''),
(369, 'Sillas de comer', '', ''),
(370, 'Sillas para auto', '', ''),
(371, 'Sistema de video', '', ''),
(372, 'Skate', '', ''),
(373, 'Smoking', '', ''),
(374, 'Snack', '', ''),
(375, 'Softshell impermeable', '', ''),
(376, 'Sombras', '', ''),
(377, 'Sombreros', '', ''),
(378, 'Sombrillas', '', ''),
(379, 'Sosten calzon', '', ''),
(380, 'Sostenes', '', ''),
(381, 'Sti', '', ''),
(382, 'Supermercado', '', ''),
(383, 'Sushi ', '', ''),
(384, 'Sweater hombre', '', ''),
(385, 'Sweater mujer', '', ''),
(386, 'Sweaters', '', ''),
(387, 'Tablas', '', ''),
(388, 'Tablas de surf', '', ''),
(389, 'Tablas para picar', '', ''),
(390, 'Tablet', '', ''),
(391, 'Tag', '', ''),
(392, 'Teclados', '', ''),
(393, 'Telefonia', '', ''),
(394, 'Telefonìa fija', '', ''),
(395, 'Telefonia movil', '', ''),
(396, 'Tintas impresora', '', ''),
(397, 'Tinturas', '', ''),
(398, 'Toallas', '', ''),
(399, 'Tops', '', ''),
(400, 'Tortas', '', ''),
(401, 'Tostador', '', ''),
(402, 'Tragos', '', ''),
(403, 'Trajes', '', ''),
(404, 'Trajes de baño', '', ''),
(405, 'Trajes de surf', '', ''),
(406, 'Trajes formales', '', ''),
(407, 'Transmision de ventas de apuestas', '', ''),
(408, 'Tutos', '', ''),
(409, 'Urbano', '', ''),
(410, 'Valijas', '', ''),
(411, 'Vehiculos nuevos', '', ''),
(412, 'Vehiculos semi nuevos', '', ''),
(413, 'Vestidos', '', ''),
(414, 'Vestidos de fiesta', '', ''),
(415, 'Vestidos de novia', '', ''),
(416, 'Vestuario', '', ''),
(417, 'Vestuario deportivo', '', ''),
(418, 'Vestuario femenino', '', ''),
(419, 'Vestuario general', '', ''),
(420, 'Vestuario infantil', '', ''),
(421, 'Vestuario masculino', '', ''),
(422, 'Vesturario deportivo', '', ''),
(423, 'Vitaminas', '', ''),
(424, 'Vitrinas', '', ''),
(425, 'Voleros', '', ''),
(426, 'Wantan', '', ''),
(427, 'Zapatillas', '', ''),
(428, 'Zapatillas de futbol', '', ''),
(429, 'Zapatillas deportivas', '', ''),
(430, 'Zapatillas niñas', '', ''),
(431, 'Zapatillas niño', '', ''),
(432, 'Zapatillas primeros pasos', '', ''),
(433, 'Zapatillas running', '', ''),
(434, 'Zapato hombre', '', ''),
(435, 'Zapato mujer', '', ''),
(436, 'Zapatos', '', ''),
(437, 'Zapatos casual', '', ''),
(438, 'Zapatos de vestir', '', ''),
(439, 'Zapatos descanso', '', ''),
(440, 'Zapatos formal', '', ''),
(441, 'Zapatos futbol', '', ''),
(442, 'Zapatos vestir', '', ''),
(443, 'Carpetas', '', '');

-- --------------------------------------------------------

--
-- Estructura de tabla para la tabla `promocion`
--

CREATE TABLE IF NOT EXISTS `promocion` (
  `idpromocion` int(11) NOT NULL AUTO_INCREMENT,
  `nombre` varchar(45) DEFAULT NULL,
  `detalle` text,
  `fechaInicio` timestamp NULL DEFAULT NULL,
  `fechaTermino` timestamp NULL DEFAULT NULL,
  `idtienda` int(11) DEFAULT NULL,
  PRIMARY KEY (`idpromocion`),
  KEY `idtienda` (`idtienda`)
) ENGINE=InnoDB DEFAULT CHARSET=latin1 AUTO_INCREMENT=1 ;

-- --------------------------------------------------------

--
-- Estructura de tabla para la tabla `propiedadestienda`
--

CREATE TABLE IF NOT EXISTS `propiedadestienda` (
  `idpropiedadesTienda` int(11) NOT NULL AUTO_INCREMENT,
  `idtienda` int(11) DEFAULT NULL,
  `idnodo` int(11) DEFAULT NULL,
  `modulo` varchar(45) DEFAULT NULL,
  PRIMARY KEY (`idpropiedadesTienda`),
  KEY `fk_propiedadesTienda_1` (`idtienda`),
  KEY `fk_propiedadesTienda_2` (`idnodo`)
) ENGINE=InnoDB  DEFAULT CHARSET=latin1 AUTO_INCREMENT=355 ;

--
-- Volcado de datos para la tabla `propiedadestienda`
--

INSERT INTO `propiedadestienda` (`idpropiedadesTienda`, `idtienda`, `idnodo`, `modulo`) VALUES
(1, 1, 1, NULL),
(2, 2, 2, NULL),
(3, 3, 3, NULL),
(4, 4, 4, NULL),
(5, 5, 5, NULL),
(6, 6, 6, NULL),
(7, 7, 7, NULL),
(8, 8, 8, NULL),
(9, 9, 9, NULL),
(10, 10, 10, NULL),
(11, 11, 11, NULL),
(12, 12, 12, NULL),
(13, 13, 13, NULL),
(14, 14, 14, NULL),
(15, 15, 15, NULL),
(16, 16, 16, NULL),
(17, 17, 17, NULL),
(18, 18, 18, NULL),
(19, 19, 19, NULL),
(20, 20, 20, NULL),
(21, 21, 21, NULL),
(22, 22, 22, NULL),
(23, 23, 23, NULL),
(24, 24, 24, NULL),
(25, 25, 25, NULL),
(26, 26, 26, NULL),
(27, 27, 27, NULL),
(28, 28, 28, NULL),
(29, 29, 29, NULL),
(30, 30, 30, NULL),
(31, 31, 31, NULL),
(32, 32, 32, NULL),
(33, 33, 33, NULL),
(34, 34, 34, NULL),
(35, 35, 35, NULL),
(36, 36, 36, NULL),
(37, 37, 37, NULL),
(38, 38, NULL, NULL),
(39, 39, 39, NULL),
(40, 40, 40, NULL),
(41, 41, 41, NULL),
(42, 42, 42, NULL),
(43, 43, 43, NULL),
(44, 44, 44, NULL),
(45, 45, 45, NULL),
(46, 46, 46, NULL),
(47, 47, 47, NULL),
(48, 48, 48, NULL),
(49, 49, 49, NULL),
(50, 50, 50, NULL),
(51, 51, 51, NULL),
(52, 52, 52, NULL),
(53, 53, 53, NULL),
(54, 54, 54, NULL),
(55, 55, 55, NULL),
(56, 56, 56, NULL),
(57, 57, 57, NULL),
(58, 58, 58, NULL),
(59, 59, 59, NULL),
(60, 60, 60, NULL),
(61, 61, 61, NULL),
(62, 62, 62, NULL),
(63, 63, 63, NULL),
(64, 64, 64, NULL),
(65, 65, 65, NULL),
(66, 66, 66, NULL),
(67, 67, 67, NULL),
(68, 68, 68, NULL),
(69, 69, NULL, NULL),
(70, NULL, 70, NULL),
(71, NULL, 71, NULL),
(72, 72, 72, NULL),
(73, 73, 73, NULL),
(74, 74, 74, NULL),
(75, 75, 75, NULL),
(76, 76, 76, NULL),
(77, 77, 77, NULL),
(78, 78, 78, NULL),
(79, 79, 79, NULL),
(80, 80, 80, NULL),
(81, 81, 81, NULL),
(82, 82, 82, NULL),
(83, 83, 83, NULL),
(84, 84, 84, NULL),
(85, 85, 85, NULL),
(86, 86, 86, NULL),
(87, 87, 87, NULL),
(88, 88, 88, NULL),
(89, 89, 89, NULL),
(90, 90, 90, NULL),
(91, 91, 91, NULL),
(92, 92, 92, NULL),
(93, 93, 93, NULL),
(94, 94, 94, NULL),
(95, 95, 95, NULL),
(96, 96, 96, NULL),
(97, 97, 97, NULL),
(98, 98, 98, NULL),
(99, 99, 99, NULL),
(100, 100, 100, NULL),
(101, 101, 101, NULL),
(102, 102, 102, NULL),
(103, 103, 103, NULL),
(104, 104, 104, NULL),
(105, 105, 105, NULL),
(106, 106, 106, NULL),
(107, 107, 107, NULL),
(108, 108, 108, NULL),
(109, 109, 109, NULL),
(110, 110, 110, NULL),
(111, 111, 111, NULL),
(112, 112, 112, NULL),
(113, 113, 113, NULL),
(114, 114, 114, NULL),
(115, 115, 115, NULL),
(116, 116, 116, NULL),
(117, 117, 117, NULL),
(118, 118, 118, NULL),
(119, 119, 119, NULL),
(120, 120, 120, NULL),
(121, 121, 121, NULL),
(122, 122, 122, NULL),
(123, 123, 123, NULL),
(124, 124, 124, NULL),
(125, 125, 125, NULL),
(126, 126, 126, NULL),
(127, 127, 127, NULL),
(128, 128, 128, NULL),
(129, 129, 129, NULL),
(130, 130, 130, NULL),
(131, 131, 131, NULL),
(132, 132, 132, NULL),
(133, 133, 133, NULL),
(134, 134, 134, NULL),
(135, 135, 135, NULL),
(136, 136, 136, NULL),
(137, 137, 137, NULL),
(138, 138, 138, NULL),
(139, 139, 139, NULL),
(140, 140, 140, NULL),
(141, 141, NULL, NULL),
(142, 142, 142, NULL),
(143, 143, 143, NULL),
(144, 144, 144, NULL),
(145, 145, 145, NULL),
(146, 146, 146, NULL),
(147, 147, 147, NULL),
(148, 148, 148, NULL),
(149, 149, 149, NULL),
(150, 150, NULL, NULL),
(151, 151, 151, NULL),
(152, 152, 152, NULL),
(153, 153, 153, NULL),
(154, 154, 154, NULL),
(155, 155, NULL, NULL),
(156, 156, 156, NULL),
(157, 157, 157, NULL),
(158, 158, 158, NULL),
(159, 159, 159, NULL),
(160, 160, 160, NULL),
(161, 161, 161, NULL),
(162, 162, 162, NULL),
(163, 163, 163, NULL),
(164, 164, 164, NULL),
(165, 165, 165, NULL),
(166, 166, 166, NULL),
(167, 167, 167, NULL),
(168, 168, 168, NULL),
(169, 169, 169, NULL),
(170, 170, 170, NULL),
(171, 171, 171, NULL),
(172, 172, 172, NULL),
(173, 173, 173, NULL),
(174, 174, 174, NULL),
(175, 175, 175, NULL),
(176, 176, 176, NULL),
(177, 177, 177, NULL),
(178, 178, 178, NULL),
(179, 179, 179, NULL),
(180, 180, 180, NULL),
(181, 181, 181, NULL),
(182, 182, 182, NULL),
(183, 183, 183, NULL),
(184, 184, 184, NULL),
(185, 185, 185, NULL),
(186, 186, 186, NULL),
(187, 187, 187, NULL),
(188, 188, 188, NULL),
(189, 189, 189, NULL),
(190, 190, 190, NULL),
(191, 191, 191, NULL),
(192, 192, 192, NULL),
(193, 193, 193, NULL),
(194, 194, 194, NULL),
(195, 195, 195, NULL),
(196, 196, 196, NULL),
(197, 197, 197, NULL),
(198, 198, 198, NULL),
(199, 199, 199, NULL),
(200, 200, 200, NULL),
(201, 201, 201, NULL),
(202, 202, 202, NULL),
(203, 203, 203, NULL),
(204, 204, 204, NULL),
(205, 205, 205, NULL),
(206, 206, 206, NULL),
(207, 207, 207, NULL),
(208, 208, 208, NULL),
(209, 209, 209, NULL),
(210, 210, 210, NULL),
(211, 211, 211, NULL),
(212, 212, 212, NULL),
(213, 213, 213, NULL),
(214, 214, 214, NULL),
(215, 215, 215, NULL),
(216, 216, 216, NULL),
(217, 217, 217, NULL),
(218, 218, 218, NULL),
(219, 219, NULL, NULL),
(220, 220, NULL, NULL),
(221, 221, 221, NULL),
(222, 222, NULL, NULL),
(223, 223, 223, NULL),
(224, 224, 224, NULL),
(225, 225, 225, NULL),
(226, 226, 226, NULL),
(227, 227, 227, NULL),
(228, 228, 228, NULL),
(229, 229, 229, NULL),
(230, 230, 230, NULL),
(231, 231, 231, NULL),
(232, 232, 232, NULL),
(233, 233, 233, NULL),
(234, 234, 234, NULL),
(235, 235, 235, NULL),
(236, 236, 236, NULL),
(237, 237, 237, NULL),
(238, 238, 238, NULL),
(239, 239, 239, NULL),
(240, 240, 240, NULL),
(241, 241, 241, NULL),
(242, 242, 242, NULL),
(243, 243, 243, NULL),
(244, 244, 244, NULL),
(245, 245, 245, NULL),
(246, 246, 246, NULL),
(247, 247, 247, NULL),
(248, 248, NULL, NULL),
(249, 249, NULL, NULL),
(250, 250, 250, NULL),
(251, 251, 251, NULL),
(252, 252, NULL, NULL),
(253, 253, NULL, NULL),
(254, 254, 254, NULL),
(255, 255, 255, NULL),
(256, 256, 256, NULL),
(257, 257, 257, NULL),
(258, 258, 258, NULL),
(259, 259, 259, NULL),
(260, 260, 260, NULL),
(261, 261, 261, NULL),
(262, 262, 262, NULL),
(263, 263, 263, NULL),
(264, 264, 264, NULL),
(265, 265, 265, NULL),
(266, 266, 266, NULL),
(267, 267, 267, NULL),
(268, 268, 268, NULL),
(269, 269, 269, NULL),
(270, 270, NULL, NULL),
(271, 271, 271, NULL),
(272, 272, 272, NULL),
(273, 273, 273, NULL),
(274, 274, 274, NULL),
(275, 275, NULL, NULL),
(276, 276, NULL, NULL),
(277, 277, NULL, NULL),
(278, 278, 278, NULL),
(279, 279, 279, NULL),
(280, 280, 280, NULL),
(281, 281, 281, NULL),
(282, 282, 282, NULL),
(283, 283, 283, NULL),
(284, 284, 284, NULL),
(285, 285, 285, NULL),
(286, 286, 286, NULL),
(287, 287, 287, NULL),
(288, 288, 288, NULL),
(289, 289, 289, NULL),
(290, 290, 290, NULL),
(291, 291, 291, NULL),
(292, 292, 292, NULL),
(293, 293, 293, NULL),
(294, 294, 294, NULL),
(295, 295, 295, NULL),
(296, 296, 296, NULL),
(297, 297, 297, NULL),
(298, 298, 298, NULL),
(299, 299, 299, NULL),
(300, 300, 300, NULL),
(301, 301, NULL, NULL),
(302, 302, 302, NULL),
(303, 303, 303, NULL),
(304, 304, 304, NULL),
(305, 305, 305, NULL),
(306, 306, 306, NULL),
(307, 307, 307, NULL),
(308, 308, 308, NULL),
(309, 309, 309, NULL),
(310, 310, 310, NULL),
(311, 311, 311, NULL),
(312, 312, 312, NULL),
(313, 313, 313, NULL),
(314, 314, 314, NULL),
(315, 315, 315, NULL),
(316, 316, 316, NULL),
(317, 317, 317, NULL),
(318, 318, 318, NULL),
(319, 319, 319, NULL),
(320, 320, 320, NULL),
(321, 321, 321, NULL),
(322, 322, 322, NULL),
(323, 323, 323, NULL),
(324, 324, 324, NULL),
(325, 325, 325, NULL),
(326, 326, 326, NULL),
(327, 327, NULL, NULL),
(328, 328, NULL, NULL),
(329, 329, 329, NULL),
(330, 330, 330, NULL),
(331, 331, 331, NULL),
(332, 332, 332, NULL),
(333, 333, 333, NULL),
(334, 334, 334, NULL),
(335, 335, 335, NULL),
(336, 336, 336, NULL),
(337, 337, NULL, NULL),
(338, 338, 338, NULL),
(339, 339, 339, NULL),
(340, 340, 340, NULL),
(341, 341, 341, NULL),
(342, 342, 342, NULL),
(343, 343, 343, NULL),
(344, 344, 344, NULL),
(345, 345, 345, NULL),
(346, 346, 346, NULL),
(347, 347, NULL, NULL),
(348, 348, NULL, NULL),
(349, 349, 349, NULL),
(350, 350, 350, NULL),
(351, 351, 351, NULL),
(352, 352, 352, NULL),
(353, 353, 353, NULL),
(354, 354, 354, NULL);

-- --------------------------------------------------------

--
-- Estructura de tabla para la tabla `reclamos`
--

CREATE TABLE IF NOT EXISTS `reclamos` (
  `idreclamos` int(11) NOT NULL AUTO_INCREMENT,
  `rut` varchar(45) DEFAULT NULL,
  `nombre` varchar(45) DEFAULT NULL,
  `apellidoPaterno` varchar(45) DEFAULT NULL,
  `apellidoMaterno` varchar(45) DEFAULT NULL,
  `empresa` varchar(45) DEFAULT NULL,
  `motivo` varchar(45) DEFAULT NULL,
  `detalle` text,
  PRIMARY KEY (`idreclamos`)
) ENGINE=InnoDB DEFAULT CHARSET=latin1 AUTO_INCREMENT=1 ;

-- --------------------------------------------------------

--
-- Estructura de tabla para la tabla `rubro`
--

CREATE TABLE IF NOT EXISTS `rubro` (
  `idrubro` int(11) NOT NULL AUTO_INCREMENT,
  `nombre` varchar(45) DEFAULT NULL,
  `logo` varchar(45) DEFAULT NULL,
  PRIMARY KEY (`idrubro`)
) ENGINE=InnoDB  DEFAULT CHARSET=latin1 AUTO_INCREMENT=28 ;

--
-- Volcado de datos para la tabla `rubro`
--

INSERT INTO `rubro` (`idrubro`, `nombre`, `logo`) VALUES
(1, 'Auto Plaza', 'autoplaza.jpg'),
(2, 'Computación y Electrónica', 'computacion.jpg'),
(3, 'Deporte', 'deporte.jpg'),
(4, 'Entretención y Cultura', 'entretencion.jpg'),
(5, 'Hogar y Regalos', 'hogar.jpg'),
(6, 'Hombre', 'hombre.jpg'),
(7, 'Joyería y Relojerías', 'joyeria.jpg'),
(8, 'Jugueterías', 'jugueteria.jpg'),
(9, 'Las Terrazas', 'terrazas.jpg'),
(10, 'Mujer', 'mujer.jpg'),
(11, 'Música, Fotografía y Librerías', 'musica.jpg'),
(12, 'Niños', 'ninos.jpg'),
(13, 'Ópticas, Perfumerías y Farmacias', 'optica.jpg'),
(14, 'Peluquería y Belleza', 'peluqueria.jpg'),
(15, 'Restauranes, Cafeterías y Heladerías', 'restauranes.jpg'),
(16, 'Servicios', 'servicios.jpg'),
(17, 'Tiendas Departamentales', 'departamentales.jpg'),
(18, 'Bancos', 'bancos.jpg'),
(19, 'Bancos y Casas de Cambio', 'bancos.jpg'),
(20, 'Pago de Cuentas', 'pago.jpg'),
(21, 'Servicios Públicos', 'serviciospublicos.jpg'),
(22, 'Servicios para el Hogar', 'servicioshogar.jpg'),
(23, 'Salud y Belleza', 'saludybelleza.jpg'),
(24, 'Pasajes, Giros y Encomiendas', 'pasajes.jpg'),
(25, 'Educación', 'educacion.jpg'),
(26, 'Patio de Comidas', 'food.jpg'),
(27, 'Tiendas Menores', 'tiendasmenores.jpg');

-- --------------------------------------------------------

--
-- Estructura de tabla para la tabla `subcategoria`
--

CREATE TABLE IF NOT EXISTS `subcategoria` (
  `idSubCategoria` int(11) NOT NULL AUTO_INCREMENT,
  `nombreSubCategoria` varchar(100) DEFAULT NULL,
  `idCategoria` int(11) DEFAULT NULL,
  PRIMARY KEY (`idSubCategoria`),
  KEY `fk_subCategoria_categoria` (`idCategoria`)
) ENGINE=InnoDB DEFAULT CHARSET=latin1 AUTO_INCREMENT=1 ;

-- --------------------------------------------------------

--
-- Estructura de tabla para la tabla `submotivo`
--

CREATE TABLE IF NOT EXISTS `submotivo` (
  `idSubMotivo` int(11) NOT NULL AUTO_INCREMENT,
  `nombreSubMotivo` varchar(100) DEFAULT NULL,
  `idMotivo` int(11) DEFAULT NULL,
  PRIMARY KEY (`idSubMotivo`),
  KEY `fk_subMotivo_motivo` (`idMotivo`)
) ENGINE=InnoDB DEFAULT CHARSET=latin1 AUTO_INCREMENT=1 ;

-- --------------------------------------------------------

--
-- Estructura de tabla para la tabla `tienda`
--

CREATE TABLE IF NOT EXISTS `tienda` (
  `idtienda` int(11) NOT NULL AUTO_INCREMENT,
  `nombre` varchar(45) DEFAULT NULL,
  `logo` varchar(45) DEFAULT NULL,
  PRIMARY KEY (`idtienda`)
) ENGINE=InnoDB  DEFAULT CHARSET=latin1 AUTO_INCREMENT=355 ;

--
-- Volcado de datos para la tabla `tienda`
--

INSERT INTO `tienda` (`idtienda`, `nombre`, `logo`) VALUES
(1, 'Power House', 'PowerHouse.jpg'),
(2, 'Ripley', 'Ripley.jpg'),
(3, 'Vacancy', 'Vacante1.jpg'),
(4, 'Preunic', 'Preunic.jpg'),
(5, 'Intersalon', 'Intersalon.jpg'),
(6, 'Palumbo', 'Palumbo.jpg'),
(7, 'Home and Cook', 'HomeandCook.jpg'),
(8, 'Flores', 'Flores.jpg'),
(9, 'Bravíssimo', 'Bravissimo.jpg'),
(10, 'Cardinale', 'Cardinale.jpg'),
(11, 'Reifschneider', 'Reifschneider.jpg'),
(12, 'Maui & Sons', 'Maui.jpg'),
(13, 'Timberland', 'Timberland.jpg'),
(14, 'Dockers', 'Dockers.jpg'),
(15, 'GMO', 'opticasgmo.jpg'),
(16, 'Arrow', 'Arrow.jpg'),
(17, 'Bubble Gummers', 'BGummers.jpg'),
(18, 'Librería Nacional', 'LibreriaNacional.jpg'),
(19, 'UR - COR', 'URCOR.jpg'),
(20, 'Café', 'Cafe.jpg'),
(21, 'Xception', 'null.jpg'),
(22, 'Casa Blanca', 'CasaBlanca.jpg'),
(23, 'Falabella', 'Falabella.jpg'),
(24, 'Casa & Ideas', 'CasaIdeas.jpg'),
(25, 'Baby Infanti', 'BabyInfanti.jpg'),
(26, 'Potros', 'Potros.jpg'),
(27, 'Naturalizer', 'Naturalizer.jpg'),
(28, 'Poeme', 'Poeme.jpg'),
(29, 'Top Underwear', 'TopUnderwear.jpg'),
(30, 'Bata', 'Bata.jpg'),
(31, 'Big Bang', 'BigBang.jpg'),
(32, 'Monarch', 'Monarch.jpg'),
(33, 'Belsport', 'Belsport.jpg'),
(34, 'Levi´s', 'Levis.jpg'),
(35, 'Ópticas Place Vendome', 'PlaceVendome.jpg'),
(36, 'Casio', 'Casio.jpg'),
(37, 'Lan Chile', 'LanChile.jpg'),
(38, 'Baño Hombres', 'BañoHombres.jpg'),
(39, 'Bata 2', 'Bata.jpg'),
(40, 'Fes', 'Fes.jpg'),
(41, 'Casa Amarilla', 'CasaAmarilla.jpg'),
(42, 'Bravíssimo 1', 'Bravissimo.jpg'),
(43, 'Schop Dog', 'SchopDog.jpg'),
(44, 'Vacancy', 'Vacante2.jpg'),
(45, 'Vacancy', 'Vacante3.jpg'),
(46, 'Piccola Italia', 'PiccolaItalia.jpg'),
(47, 'Green Bull', 'GreenBull.jpg'),
(48, 'Vacancy', 'Vacante4.jpg'),
(49, 'Sushi House', 'SushiHouse.jpg'),
(50, 'Mamut', 'Mamut.jpg'),
(51, 'Kodak', 'Kodak.jpg'),
(52, 'Shoes and Piel', 'ShoesandPiel.jpg'),
(53, 'Saxoline', 'Saxoline.jpg'),
(54, 'Hush Puppies', 'HushPuppies.jpg'),
(55, 'Energy', 'Energy.jpg'),
(56, 'Vacancy', 'Vacante5.jpg'),
(57, 'Matt Bags', 'MattBags.jpg'),
(58, 'Azaleia', 'Azaleia.jpg'),
(59, 'New Man', 'NewMan.jpg'),
(60, 'Hush Puppies Kids', 'hushpuppieskids.jpg'),
(61, 'We Love Shoes', 'WeLoveShoes.jpg'),
(62, 'Caffarena', 'Caffarena.jpg'),
(63, 'EXS', 'EXS.jpg'),
(64, 'Animation', 'Animation.jpg'),
(65, 'Fashion´s  Park', 'FashionsPark.jpg'),
(66, 'Farmacias Ahumada', 'FAhumada.jpg'),
(67, 'PC Factory', 'PCFactory.jpg'),
(68, 'All Nutrition', 'AllNutrition.jpg'),
(69, 'Anden Alfa 2', 'AndenAlfa2.jpg'),
(70, 'Baño Niños', 'BañoNiños.jpg'),
(71, 'Baño Mujer', 'BañoMujer.jpg'),
(72, 'Cruz Verde', 'CruzVerde.jpg'),
(73, 'Integramédica', 'Integramedica.jpg'),
(74, 'París', 'Paris.jpg'),
(75, 'Casa Royal', 'CasaRoyal.jpg'),
(76, 'Trendy', 'Trendy.jpg'),
(77, 'Adidas', 'Adidas.jpg'),
(78, 'Fun Sport', 'FunSport.jpg'),
(79, 'Mathew', 'Mathew.jpg'),
(80, 'London Avenue', 'LondonAvenue.jpg'),
(81, 'Efesis', 'Efesis.jpg'),
(82, 'Coty´s', 'Cotys.jpg'),
(83, 'Colloky', 'Colloky.jpg'),
(84, 'Wados', 'Wados.jpg'),
(85, 'Rock Ford', 'RockFord.jpg'),
(86, 'Todo Moda', 'TodoModa.jpg'),
(87, 'Cannon', 'Cannon.jpg'),
(88, 'Rotter y Krauss', 'opticasrotterykrauss.jpg'),
(89, 'Casa Chantilly', 'CasaChantilly.jpg'),
(90, 'Coppelia', 'Coppelia.jpg'),
(91, 'DBS', 'DBS.jpg'),
(92, 'HOMY', 'HOMY.jpg'),
(93, 'Cinemark', 'Cinemark.jpg'),
(94, 'Duoc', 'Duoc.jpg'),
(95, 'Vacancy', 'Vacante6.jpg'),
(96, 'Cajero Banco Chile', 'BancoChile.jpg'),
(97, 'Centro de Fotocopiado', 'CentrodeFotocopiado.jpg'),
(98, 'Vacancy', 'Vacante7.jpg'),
(99, 'Vacancy', 'Vacante8.jpg'),
(100, 'Vacancy', 'Vacante9.jpg'),
(101, 'Vacancy', 'Vacante10.jpg'),
(102, 'Transantiago / Servipag', 'Servipag.jpg'),
(103, 'Farmacias Ahumada 2', 'FAhumada.jpg'),
(104, 'Servicio Técnico Kia', 'ServicioTecnicoKia.jpg'),
(105, 'Chevrolet', 'Chevrolet.jpg'),
(106, 'Pompeyo Carrasco', 'PompeyoCarrasco.jpg'),
(107, 'Ssangyong', 'SsangYong.jpg'),
(108, 'Volkswagen', 'VolkWagen.jpg'),
(109, 'Suzuki', 'Suzuki.jpg'),
(110, 'Mazda / Samsung', 'Mazda/Samsung.jpg'),
(111, 'Peugeot Autosummit', 'PeugeotAutosummit.jpg'),
(112, 'Chrysler', 'Chrysler.jpg'),
(113, 'Citroen', 'Citroen.jpg'),
(114, 'Gildemeister', 'Gildemeister.jpg'),
(115, 'Derco 1', 'Derco.jpg'),
(116, 'Chuck and Cheese', 'ChuckandCheese.jpg'),
(117, 'Servicio Técnico Derco', 'ServicioTecnicoDerco.jpg'),
(118, 'Llantas del Pacífico', 'null.jpg'),
(119, 'Central frenos', 'Centralfrenos.jpg'),
(120, 'Duglas Lubricentro 1', 'DuglasLubricentro1.jpg'),
(121, 'Ferripaldi', 'Ferripaldi.jpg'),
(122, 'SSTT Chery', 'SSTTChery.jpg'),
(123, 'Neumaton', 'Neumaton.jpg'),
(124, 'Duglas Lubricentro 2', 'DuglasLubricentro2.jpg'),
(125, 'Derco 2', 'Derco.jpg'),
(126, 'Carmeister', 'Carmeister.jpg'),
(127, 'Vacancy', 'Vacante11.jpg'),
(128, 'Optimaxx  Car', 'OptimaxxCar.jpg'),
(129, 'Chery', 'Chery.jpg'),
(130, 'CMR', 'CMR.jpg'),
(131, 'Pompeyo', 'Pompeyo.jpg'),
(132, 'Derco 3', 'Derco.jpg'),
(133, 'BCI', 'BCI.jpg'),
(134, 'Toyota', 'Toyota.jpg'),
(135, 'Nissan', 'Nissan.jpg'),
(136, 'Derco 4', 'Derco4.jpg'),
(137, 'Ford', 'Ford.jpg'),
(138, 'Mitsubishi', 'Mitsubishi.jpg'),
(139, 'Fortaleza', 'Fortaleza.jpg'),
(140, 'Autobahn', 'Autobahn.jpg'),
(141, 'Patio Constructor', 'PatioConstructor.jpg'),
(142, 'Homecenter', 'Homecenter.jpg'),
(143, 'Botánica', 'Botanica.jpg'),
(144, 'Tottus', 'Tottus.jpg'),
(145, 'Vacancy', 'Vacante12.jpg'),
(146, 'Vacancy', 'Vacante13.jpg'),
(147, 'Vacancy', 'Vacante14.jpg'),
(148, 'Floristeria', 'Floristeria.jpg'),
(149, 'Blockbuster', 'Bolckbuster.jpg'),
(150, 'Promociones Turisticas', 'PromocionesTuristicas.jpg'),
(151, 'Ansonia', 'Ansonia.jpg'),
(152, 'Multiservice', 'Multiservice.jpg'),
(153, 'Correos de Chile', 'CorreosdeChile.jpg'),
(154, 'Nail Touch', 'NailTouch.jpg'),
(155, 'Servicio Tottus', 'ServicioTottus.jpg'),
(156, 'Ashvy', 'null.jpg'),
(157, 'Tabaco Store', 'TabacoStore.jpg'),
(158, 'Vacancy', 'Vacante15.jpg'),
(159, 'Farmacias Baum', 'Baum.jpg'),
(160, 'ServiPag', 'ServiPag.jpg'),
(161, 'Banco de Chile', 'BancoChile.jpg'),
(162, 'Batta Express', 'BattaExpress.jpg'),
(163, 'Casa Pichara', 'CasaPichara.jpg'),
(164, 'Vacancy', 'Vacante16.jpg'),
(165, 'Juisma', 'Juisma.jpg'),
(166, 'Vacancy', 'Vacante17.jpg'),
(167, 'Fiesta y Regalos', 'FiestayRegalos.jpg'),
(168, 'Farmacia Cruz Verde', 'CruzVerde.jpg'),
(169, 'San Camilo', 'SanCamilo.jpg'),
(170, 'Pompeyo', 'Pompeyo.jpg'),
(171, 'Chery', 'Chery.jpg'),
(172, 'Banco Paris', 'BancoParis.jpg'),
(173, 'Bresler', 'Bresler.jpg'),
(174, 'Bruno Rossi', 'BrunoRossi.jpg'),
(175, 'Microplay', 'Microplay.jpg'),
(176, 'Daily', 'Daily.jpg'),
(177, 'Dulce luna', 'Dulceluna.jpg'),
(178, 'Bravel', 'Bravel.jpg'),
(179, 'Block', 'Block.jpg'),
(180, 'Amphora', 'Amphora.jpg'),
(181, 'Boumex', 'Boumex.jpg'),
(182, 'Perfumame', 'Perfumame.jpg'),
(183, 'Zara', 'Zara.jpg'),
(184, 'GMO', 'opticasgmo.jpg'),
(185, 'Romano', 'Romano.jpg'),
(186, 'Joyerias Baron', 'JoyeriasBaron.jpg'),
(187, 'Todo Piel', 'TodoPiel.jpg'),
(188, 'Homy', 'Homy.jpg'),
(189, 'Intime', 'Intime.jpg'),
(190, 'Vacancy', 'Vacante18.jpg'),
(191, 'Glam', 'Glam.jpg'),
(192, 'Ripley', 'Ripley.jpg'),
(193, 'Banco Ripley', 'BancoRipley.jpg'),
(194, 'Reebok', 'Reebok.jpg'),
(195, 'Patuelli', 'Patuelli.jpg'),
(196, 'Tobacco', 'Tobacco.jpg'),
(197, 'Ferracini', 'Ferracini.jpg'),
(198, 'Puma', 'Puma.jpg'),
(199, 'Cory', 'Cory.jpg'),
(200, 'Nicopoly', 'Nicopoly.jpg'),
(201, 'Black & Blue', 'Black&Blue.jpg'),
(202, 'VZO', 'VZO.jpg'),
(203, 'Intime', 'Intime.jpg'),
(204, 'Bellota', 'Bellota.jpg'),
(205, 'O. Schilling', 'opticasshilling.jpg'),
(206, 'M.haddad', 'M.haddad.jpg'),
(207, 'Umbro', 'Umbro.jpg'),
(208, 'Salco Brand', 'SalcoBrand.jpg'),
(209, 'Donkin Donuts', 'DonkinDonuts.jpg'),
(210, 'Pillin', 'Pillin.jpg'),
(211, 'Vacancy', 'Vacancte19.jpg'),
(212, 'Vacancy', 'Vacancte20.jpg'),
(213, 'Vacancy', 'Vacancte21.jpg'),
(214, 'Afex', 'Afex.jpg'),
(215, 'Cajero Banco Chile', 'bancoChile.jpg'),
(216, 'Pabellón de la Construcción', 'PabellondelaConstruccion.jpg'),
(217, 'Movistar', 'Movistar.jpg'),
(218, 'Vacancy', 'Vacancte22.jpg'),
(219, 'Area de mesas 4', 'Areademesas4.jpg'),
(220, 'Area de mesas  3', 'Areademesas3.jpg'),
(221, 'Vacancy', 'Vacancte23.jpg'),
(222, 'Bodega Bavissimo', 'BodegaBavissimo.jpg'),
(223, 'Vacancy', 'Vacancte24.jpg'),
(224, 'Vacancy', 'Vacancte25.jpg'),
(225, 'Vacancy', 'Vacancte26.jpg'),
(226, 'Vacancy', 'Vacancte27.jpg'),
(227, 'Vacancy', 'Vacancte28.jpg'),
(228, 'Vacancy', 'Vacancte29.jpg'),
(229, 'Teletrack', 'Teletrack.jpg'),
(230, 'Vacancy', 'Vacancte30.jpg'),
(231, 'Vacancy', 'Vacancte31.jpg'),
(232, 'Claro', 'Claro.jpg'),
(233, 'Vacancy', 'Vacancte32.jpg'),
(234, 'Libreria Antartica', 'LibreriaAntartica.jpg'),
(235, 'Falabella', 'Falabella.jpg'),
(236, 'Banco BCI', 'BancoBCI.jpg'),
(237, 'Banco de Chile', 'BancoChile.jpg'),
(238, 'Cajero Banco Chile', 'bancoChile.jpg'),
(239, 'Calandre', 'Calandre.jpg'),
(240, 'J.Baron', 'JBaron.jpg'),
(241, 'Kayser', 'Kayser.jpg'),
(242, 'Ficcus', 'Ficcus.jpg'),
(243, 'Lapiz Lopez', 'LapizLopez.jpg'),
(244, 'Capellini', 'Capellini.jpg'),
(245, 'Imagenes', 'imagenes.jpg'),
(246, 'Via 1', 'Via1.jpg'),
(247, 'Ferouch', 'Ferouch.jpg'),
(248, 'Guardia', 'Guardia.jpg'),
(249, 'Baño Hombres', 'BañoHombres.jpg'),
(250, 'Banco Falabella', 'BancoFalabella.jpg'),
(251, 'Jhonsons', 'Jhonsons.jpg'),
(252, 'Oficinas Administrativas', 'OficinasAdministrativas.jpg'),
(253, 'Baño Mujeres', 'BañoMujeres.jpg'),
(254, 'Gino', 'Gino.jpg'),
(255, 'Disworld', 'Disworld.jpg'),
(256, 'Limonada', 'Limonada.jpg'),
(257, 'Moletto', 'Moletto.jpg'),
(258, 'De togni', 'Detogni.jpg'),
(259, 'Head', 'Head.jpg'),
(260, 'Osito', 'Osito.jpg'),
(261, 'Gacel', 'Gacel.jpg'),
(262, 'Guante', 'Guante.jpg'),
(263, 'Entel', 'Entel.jpg'),
(264, 'Credi Chile', 'bancoCrediChile.jpg'),
(265, 'Banco Estado', 'bancoestado.jpg'),
(266, 'Paris', 'Paris.jpg'),
(267, 'Vacancy', 'Vacancte33.jpg'),
(268, 'Banefe', 'Banefe.jpg'),
(269, 'Banco Santander Santiago', 'santander.jpg'),
(270, 'Banco ITAU', 'BancoITAU.jpg'),
(271, 'Banco Nova', 'BancoNova.jpg'),
(272, 'Banco Estado', 'BancoEstado.jpg'),
(273, 'Vacancy', 'Vacancte34.jpg'),
(274, 'Hootters', 'Hootters.jpg'),
(275, 'Area de mesas 1', 'Areademesas1.jpg'),
(276, 'Area de mesas 2', 'Areademesas2.jpg'),
(277, 'Area de mesas 5', 'Areademesas5.jpg'),
(278, 'Publicity', 'Publicity.jpg'),
(279, 'Santo Demonio', 'SantoDemonio.jpg'),
(280, 'Max Style', 'MaxStyle.jpg'),
(281, 'Vox', 'Vox.jpg'),
(282, 'Siux', 'Siux.jpg'),
(283, 'Savory', 'Savory.jpg'),
(284, 'Kicks', 'Kicks.jpg'),
(285, 'Vacancy', 'Vacante35.jpg'),
(286, 'Gotcha', 'Gotcha.jpg'),
(287, 'Vacancy', 'Vacante36.jpg'),
(288, '100% Fútbol', '100futbol.jpg'),
(289, 'Extreme', 'Extreme.jpg'),
(290, 'Esprit', 'Esprit.jpg'),
(291, 'Irol', 'Irol.jpg'),
(292, 'Scarla', 'Scarla.jpg'),
(293, 'Vacancy', 'Vacante37.jpg'),
(294, 'NGX', 'NGX.jpg'),
(295, 'Vacancy', 'Vacante38.jpg'),
(296, 'Cajero', 'Cajero.jpg'),
(297, 'HP', 'HP.jpg'),
(298, 'Monix', 'Monix.jpg'),
(299, 'Distri Hogar', 'DistriHogar.jpg'),
(300, 'Ripley', 'Ripley.jpg'),
(301, 'Bodega ripley', 'Bodegaripley.jpg'),
(302, 'Sparta', 'Sparta.jpg'),
(303, 'Do it', 'Doit.jpg'),
(304, 'Panasonic', 'Panasonic.jpg'),
(305, 'Privilege', 'Privilege.jpg'),
(306, 'Pimp´s', 'Pimps.jpg'),
(307, 'Sketchers', 'Sketchers.jpg'),
(308, 'Americanino', 'Americanino.jpg'),
(309, 'Opaline', 'Opaline.jpg'),
(310, 'Trial', 'trial.jpg'),
(311, 'Festina', 'festina.jpg'),
(312, 'Zoo2', 'Zoo2.jpg'),
(313, 'Savory', 'Savory.jpg'),
(314, 'Bbyb', 'Bbyb.jpg'),
(315, 'We play', 'Weplay.jpg'),
(316, 'Pet City', 'PetCity.jpg'),
(317, 'Falabella', 'Falabella.jpg'),
(318, 'Gsm', 'Gsm.jpg'),
(319, 'Regalos', 'Regalos.jpg'),
(320, 'Jugetes Kaiser', 'null.jpg'),
(321, 'Baby center', 'Babycenter.jpg'),
(322, 'Foster', 'Foster.jpg'),
(323, 'J.J.O', 'jjo.jpg'),
(324, 'Umbro', 'Umbro.jpg'),
(325, 'Umbrela', 'Umbrela.jpg'),
(326, 'Fritz', 'Fritz.jpg'),
(327, 'Baño niños', 'Bañoniños.jpg'),
(328, 'Baños Mujer', 'BañosMujer.jpg'),
(329, 'China Wok', 'ChinaWok.jpg'),
(330, 'Astoria', 'Astoria.jpg'),
(331, 'Vacancy', 'Vacante39.jpg'),
(332, 'Buffet Express', 'BuffetExpress.jpg'),
(333, 'Doggis', 'Doggis.jpg'),
(334, 'HappyLand', 'HappyLand.jpg'),
(335, 'Tarragona', 'Tarragona.jpg'),
(336, 'Telepizza', 'Telepizza.jpg'),
(337, 'Area mesas comida', 'Areamesascomida.jpg'),
(338, 'Mc Donalds', 'McDonalds.jpg'),
(339, 'Juan Maestro', 'JuanMaestro.jpg'),
(340, 'Lomiton', 'Lomiton.jpg'),
(341, 'KFC', 'KFC.jpg'),
(342, 'Pizza Hut', 'PizzaHut.jpg'),
(343, 'Burger King', 'BurgerKing.jpg'),
(344, 'Buffalo', 'Bufalo.jpg'),
(345, 'Dominó', 'Domino.jpg'),
(346, 'Rip Curl', 'RipCurl.jpg'),
(347, 'Baño Hombres', 'BañoHombres.jpg'),
(348, 'Baño niños', 'Bañoniños.jpg'),
(349, 'Nike', 'Nike.jpg'),
(350, 'Vacancy', 'Vacante40.jpg'),
(351, 'Inside', 'Inside.jpg'),
(352, 'Polemic', 'Polemic.jpg'),
(353, 'Audio Música', 'AudioMusica.jpg'),
(354, 'Paris', 'Paris.jpg');

-- --------------------------------------------------------

--
-- Estructura de tabla para la tabla `totem`
--

CREATE TABLE IF NOT EXISTS `totem` (
  `idtotem` int(11) NOT NULL AUTO_INCREMENT,
  `idnodo` int(11) NOT NULL,
  `nombre` varchar(45) DEFAULT NULL,
  `orientacion` varchar(45) DEFAULT NULL,
  PRIMARY KEY (`idtotem`),
  KEY `fk_totem_1` (`idnodo`)
) ENGINE=InnoDB  DEFAULT CHARSET=latin1 AUTO_INCREMENT=2 ;

--
-- Volcado de datos para la tabla `totem`
--

INSERT INTO `totem` (`idtotem`, `idnodo`, `nombre`, `orientacion`) VALUES
(1, 397, 'T1', 'N');

-- --------------------------------------------------------

--
-- Estructura de tabla para la tabla `usuario`
--

CREATE TABLE IF NOT EXISTS `usuario` (
  `id_usuario` int(11) NOT NULL AUTO_INCREMENT,
  `nomComUsuario` varchar(45) DEFAULT NULL,
  `nomUsuario` varchar(30) DEFAULT NULL,
  `mailUsuario` varchar(60) DEFAULT NULL,
  `passUsuario` varchar(100) DEFAULT NULL,
  `privilegioUsuario` int(11) DEFAULT NULL,
  PRIMARY KEY (`id_usuario`)
) ENGINE=InnoDB DEFAULT CHARSET=latin1 AUTO_INCREMENT=1 ;

-- --------------------------------------------------------

--
-- Estructura de tabla para la tabla `usuarios`
--

CREATE TABLE IF NOT EXISTS `usuarios` (
  `idusuarios` int(11) NOT NULL AUTO_INCREMENT,
  `nombre` varchar(45) DEFAULT NULL,
  `apellidoPaterno` varchar(45) DEFAULT NULL,
  `apellidoMaterno` varchar(45) DEFAULT NULL,
  `jerarquia` varchar(45) DEFAULT NULL,
  PRIMARY KEY (`idusuarios`)
) ENGINE=InnoDB DEFAULT CHARSET=latin1 AUTO_INCREMENT=1 ;

--
-- Restricciones para tablas volcadas
--

--
-- Filtros para la tabla `detallemarca`
--
ALTER TABLE `detallemarca`
  ADD CONSTRAINT `detallemarca_ibfk_1` FOREIGN KEY (`idtienda`) REFERENCES `tienda` (`idtienda`) ON DELETE NO ACTION ON UPDATE NO ACTION,
  ADD CONSTRAINT `fk_dm_idmarca` FOREIGN KEY (`idmarca`) REFERENCES `marca` (`idmarca`) ON DELETE NO ACTION ON UPDATE NO ACTION,
  ADD CONSTRAINT `fk_dm_idproducto` FOREIGN KEY (`idproducto`) REFERENCES `producto` (`idproducto`) ON DELETE NO ACTION ON UPDATE NO ACTION;

--
-- Filtros para la tabla `detalleoferta`
--
ALTER TABLE `detalleoferta`
  ADD CONSTRAINT `fk_do_idoferta` FOREIGN KEY (`idoferta`) REFERENCES `oferta` (`idoferta`) ON DELETE NO ACTION ON UPDATE NO ACTION,
  ADD CONSTRAINT `fk_do_idproducto` FOREIGN KEY (`idproducto`) REFERENCES `producto` (`idproducto`) ON DELETE NO ACTION ON UPDATE NO ACTION;

--
-- Filtros para la tabla `detallepromocion`
--
ALTER TABLE `detallepromocion`
  ADD CONSTRAINT `fk_dt_idproducto` FOREIGN KEY (`idproducto`) REFERENCES `producto` (`idproducto`) ON DELETE NO ACTION ON UPDATE NO ACTION,
  ADD CONSTRAINT `fk_dt_idpromocion` FOREIGN KEY (`idpromocion`) REFERENCES `promocion` (`idpromocion`) ON DELETE NO ACTION ON UPDATE NO ACTION;

--
-- Filtros para la tabla `detallerubro`
--
ALTER TABLE `detallerubro`
  ADD CONSTRAINT `fk_dr_idrubro` FOREIGN KEY (`idrubro`) REFERENCES `rubro` (`idrubro`) ON DELETE NO ACTION ON UPDATE NO ACTION,
  ADD CONSTRAINT `fk_dr_idtienda` FOREIGN KEY (`idtienda`) REFERENCES `tienda` (`idtienda`) ON DELETE NO ACTION ON UPDATE NO ACTION;

--
-- Filtros para la tabla `detalletienda`
--
ALTER TABLE `detalletienda`
  ADD CONSTRAINT `fk_idproducto` FOREIGN KEY (`idproducto`) REFERENCES `producto` (`idproducto`) ON DELETE NO ACTION ON UPDATE NO ACTION,
  ADD CONSTRAINT `fk_idtienda` FOREIGN KEY (`idtienda`) REFERENCES `tienda` (`idtienda`) ON DELETE NO ACTION ON UPDATE NO ACTION;

--
-- Filtros para la tabla `estacionamiento`
--
ALTER TABLE `estacionamiento`
  ADD CONSTRAINT `fk_estacionamiento_1` FOREIGN KEY (`idnodo`) REFERENCES `nodos` (`idnodo`) ON DELETE NO ACTION ON UPDATE NO ACTION;

--
-- Filtros para la tabla `mensaje`
--
ALTER TABLE `mensaje`
  ADD CONSTRAINT `fk_mensaje_subMotivo` FOREIGN KEY (`idSubMotivo`) REFERENCES `submotivo` (`idSubMotivo`);

--
-- Filtros para la tabla `motivo`
--
ALTER TABLE `motivo`
  ADD CONSTRAINT `fk_motivo_subCategoria` FOREIGN KEY (`idSubCategoria`) REFERENCES `subcategoria` (`idSubCategoria`);

--
-- Filtros para la tabla `nodos`
--
ALTER TABLE `nodos`
  ADD CONSTRAINT `fk_nodos_1` FOREIGN KEY (`idcambiadorPiso`) REFERENCES `cambiadorpiso` (`idcambiadorPiso`) ON DELETE NO ACTION ON UPDATE NO ACTION;

--
-- Filtros para la tabla `oferta`
--
ALTER TABLE `oferta`
  ADD CONSTRAINT `fk_of_idtienda` FOREIGN KEY (`idtienda`) REFERENCES `tienda` (`idtienda`) ON DELETE NO ACTION ON UPDATE NO ACTION;

--
-- Filtros para la tabla `promocion`
--
ALTER TABLE `promocion`
  ADD CONSTRAINT `idtienda` FOREIGN KEY (`idtienda`) REFERENCES `tienda` (`idtienda`) ON DELETE NO ACTION ON UPDATE NO ACTION;

--
-- Filtros para la tabla `propiedadestienda`
--
ALTER TABLE `propiedadestienda`
  ADD CONSTRAINT `fk_propiedadesTienda_1` FOREIGN KEY (`idtienda`) REFERENCES `tienda` (`idtienda`) ON DELETE NO ACTION ON UPDATE NO ACTION,
  ADD CONSTRAINT `fk_propiedadesTienda_2` FOREIGN KEY (`idnodo`) REFERENCES `nodos` (`idnodo`) ON DELETE NO ACTION ON UPDATE NO ACTION;

--
-- Filtros para la tabla `subcategoria`
--
ALTER TABLE `subcategoria`
  ADD CONSTRAINT `fk_subCategoria_categoria` FOREIGN KEY (`idCategoria`) REFERENCES `categoria` (`idCategoria`);

--
-- Filtros para la tabla `submotivo`
--
ALTER TABLE `submotivo`
  ADD CONSTRAINT `fk_subMotivo_motivo` FOREIGN KEY (`idMotivo`) REFERENCES `motivo` (`idMotivo`);

--
-- Filtros para la tabla `totem`
--
ALTER TABLE `totem`
  ADD CONSTRAINT `fk_totem_1` FOREIGN KEY (`idnodo`) REFERENCES `nodos` (`idnodo`) ON DELETE NO ACTION ON UPDATE NO ACTION;

/*!40101 SET CHARACTER_SET_CLIENT=@OLD_CHARACTER_SET_CLIENT */;
/*!40101 SET CHARACTER_SET_RESULTS=@OLD_CHARACTER_SET_RESULTS */;
/*!40101 SET COLLATION_CONNECTION=@OLD_COLLATION_CONNECTION */;
